title,issn,cn,sponsor,compound_if,comprehensive_if,tags,category,detail_url
"城市规划学刊","1000-3363","31-1938/TU","同济大学","7.060","4.857","网络首发","建筑科学与工程","https://navi.cnki.net/knavi/detail?p=5ZaO-ltDWIOFTbGgG0vlRNcRzzYbzRb6O9-Lw4Xr_1HTfqHJFM5R_HEEVG91CSClT06bESs3dXN4S7pUIX00mDblS9jaN-SfOD7rrTvdhqbcd7GFGxAtow==&uniplatform=NZKPT&language=CHS"
"城市规划","1002-1329","11-2378/TU","中国城市规划学会","6.049","3.547","网络首发|增强出版","建筑科学与工程","https://navi.cnki.net/knavi/detail?p=5ZaO-ltDWIOFTbGgG0vlRNcRzzYbzRb6O9-Lw4Xr_1HTfqHJFM5R_HEEVG91CSClT06bESs3dXMu4Lkph2xFi1zW06hU9h2r7tokiuZwpnkxO7NoeZRufg==&uniplatform=NZKPT&language=CHS"
"岩石力学与工程学报","1000-6915","42-1397/O3","中国岩石力学与工程学会","5.764","3.610","网络首发","建筑科学与工程","https://navi.cnki.net/knavi/detail?p=5ZaO-ltDWIOFTbGgG0vlRNcRzzYbzRb6O9-Lw4Xr_1HTfqHJFM5R_HEEVG91CSClT06bESs3dXONLEG2fEjk_qQPTJDcLwBDvBvBqCpbUfmT9_eAwqDbRw==&uniplatform=NZKPT&language=CHS"
"国际城市规划","1673-9493","11-5583/TU","中国城市规划设计研究院","4.526","2.378","网络首发|增强出版","建筑科学与工程","https://navi.cnki.net/knavi/detail?p=5ZaO-ltDWIOFTbGgG0vlRNcRzzYbzRb6O9-Lw4Xr_1HTfqHJFM5R_HEEVG91CSClT06bESs3dXNAFx2kI7h4l1ZngIXXYjP9i7TGGEwiw4UEn45aDS5z2Q==&uniplatform=NZKPT&language=CHS"
"规划师","1006-0022","45-1210/TU","广西师范大学出版社集团有限公司","4.455","2.990","网络首发","建筑科学与工程","https://navi.cnki.net/knavi/detail?p=5ZaO-ltDWIOFTbGgG0vlRNcRzzYbzRb6O9-Lw4Xr_1HTfqHJFM5R_HEEVG91CSClT06bESs3dXNK3fAsEWNzpas1Q9_tbFtdta1XcqGgbQevZSb9m-GQMg==&uniplatform=NZKPT&language=CHS"
"建筑材料学报","1007-9629","31-1764/TU","同济大学","4.055","2.670","网络首发","建筑科学与工程","https://navi.cnki.net/knavi/detail?p=5ZaO-ltDWIOFTbGgG0vlRNcRzzYbzRb6O9-Lw4Xr_1HTfqHJFM5R_HEEVG91CSClT06bESs3dXNGzPKIA9lArwFAoFK8GJBZJF5MQEVPN0S5HPuHLoSe1Q==&uniplatform=NZKPT&language=CHS"
"岩土力学","1000-7598","42-1199/O3","中国科学院武汉岩土力学研究所","4.000","2.765","网络首发|增强出版","建筑科学与工程","https://navi.cnki.net/knavi/detail?p=5ZaO-ltDWIOFTbGgG0vlRNcRzzYbzRb6O9-Lw4Xr_1HTfqHJFM5R_HEEVG91CSClT06bESs3dXOnX0lsGycFgo6Zk2d2ACHiRJdiNCvT30RySP-ZjINBkw==&uniplatform=NZKPT&language=CHS"
"岩土工程学报","1000-4548","32-1124/TU","中国水利学会;中国土木工程学会;中国力学学会;中国建筑学会;中国水利发电工程学会;中国振动工程学会","3.880","2.424","网络首发","建筑科学与工程","https://navi.cnki.net/knavi/detail?p=5ZaO-ltDWIOFTbGgG0vlRNcRzzYbzRb6O9-Lw4Xr_1HTfqHJFM5R_HEEVG91CSClT06bESs3dXPq4OUx_zHiplxbaSEy_4VP1xroJ6HwUMaRlC0Lb-p2rg==&uniplatform=NZKPT&language=CHS"
"中国园林","1000-6664","11-2165/TU","中国风景园林学会","3.769","2.177","网络首发","建筑科学与工程","https://navi.cnki.net/knavi/detail?p=5ZaO-ltDWIOFTbGgG0vlRNcRzzYbzRb6O9-Lw4Xr_1HTfqHJFM5R_HEEVG91CSClT06bESs3dXOW_G0_xWlap2tvSkru2wBAIwXM4w3Nerezzd1lpiNJoA==&uniplatform=NZKPT&language=CHS"
"工程力学","1000-4750","11-2595/O3","中国力学学会","3.603","2.211","网络首发","建筑科学与工程","https://navi.cnki.net/knavi/detail?p=5ZaO-ltDWIOFTbGgG0vlRNcRzzYbzRb6O9-Lw4Xr_1HTfqHJFM5R_HEEVG91CSClT06bESs3dXN42lOawfzAIMS2PglkD7mvb5K1Q7BHyT-h3YwSGxWcgw==&uniplatform=NZKPT&language=CHS"
"土木工程学报","1000-131X","11-2120/TU","中国土木工程学会","3.459","2.144","网络首发","建筑科学与工程","https://navi.cnki.net/knavi/detail?p=5ZaO-ltDWIOFTbGgG0vlRNcRzzYbzRb6O9-Lw4Xr_1HTfqHJFM5R_HEEVG91CSClT06bESs3dXP9ra8E9ZOSzvil_CGTSNOgp71mV6GWu7LEsKan2SOxHw==&uniplatform=NZKPT&language=CHS"
"建筑结构学报","1000-6869","11-1931/TU","中国建筑学会","3.107","1.748","网络首发|增强出版","建筑科学与工程","https://navi.cnki.net/knavi/detail?p=5ZaO-ltDWIOFTbGgG0vlRNcRzzYbzRb6O9-Lw4Xr_1HTfqHJFM5R_HEEVG91CSClT06bESs3dXM1oDCBacnVnPjMOuJy9XUGNA5XmcRPod14HUF5Ph7EhQ==&uniplatform=NZKPT&language=CHS"
"南方建筑","1000-0232","44-1263/TU","广东省土木建筑学会","3.101","1.690","网络首发","建筑科学与工程","https://navi.cnki.net/knavi/detail?p=5ZaO-ltDWIOFTbGgG0vlRNcRzzYbzRb6O9-Lw4Xr_1HTfqHJFM5R_HEEVG91CSClT06bESs3dXMsiyFvujGqP-Zy5td1bYadn3sPI7tZuJTNDNCdU8PB-w==&uniplatform=NZKPT&language=CHS"
"风景园林","1673-1530","11-5366/S","北京林业大学","3.041","1.754","网络首发|增强出版","建筑科学与工程","https://navi.cnki.net/knavi/detail?p=5ZaO-ltDWIOFTbGgG0vlRNcRzzYbzRb6O9-Lw4Xr_1HTfqHJFM5R_HEEVG91CSClT06bESs3dXN-sFHD-QlLnYKXClo8eTPEneN2U-0AcYuM9n-LGWe6lQ==&uniplatform=NZKPT&language=CHS"
"Journal of Rock Mechanics and Geotechnical Engineering","1674-7755","42-1801/O3","中国科学院武汉岩土力学所;中国岩石力学与工程学会;武汉大学","2.699","2.248","","建筑科学与工程","https://navi.cnki.net/knavi/detail?p=5ZaO-ltDWIOFTbGgG0vlRNcRzzYbzRb6O9-Lw4Xr_1HTfqHJFM5R_HEEVG91CSClT06bESs3dXPj4_JL8_dhidr9VvBf1Hkl-s4lOtAC-F55jOpQu-faFA==&uniplatform=NZKPT&language=CHS"
"上海城市规划","1673-8985","31-1706/TU","上海市城市规划设计研究院","2.664","1.519","网络首发","建筑科学与工程","https://navi.cnki.net/knavi/detail?p=5ZaO-ltDWIOFTbGgG0vlRNcRzzYbzRb6O9-Lw4Xr_1HTfqHJFM5R_HEEVG91CSClT06bESs3dXNMTS_1sUjEXNwjgBFroaMhnnnd663h_PM9ny4Q-dpxdQ==&uniplatform=NZKPT&language=CHS"
"现代城市研究","1009-6000","32-1612/TU","南京市社会科学院","2.556","1.362","网络首发","建筑科学与工程","https://navi.cnki.net/knavi/detail?p=5ZaO-ltDWIOFTbGgG0vlRNcRzzYbzRb6O9-Lw4Xr_1HTfqHJFM5R_HEEVG91CSClT06bESs3dXN_woHrXBtEAcrmjwf0Q4nosHdLvak-IqS_g4Mkq2Ad5A==&uniplatform=NZKPT&language=CHS"
"建筑科学与工程学报","1673-2049","61-1442/TU","长安大学","2.436","1.413","网络首发","建筑科学与工程","https://navi.cnki.net/knavi/detail?p=5ZaO-ltDWIOFTbGgG0vlRNcRzzYbzRb6O9-Lw4Xr_1HTfqHJFM5R_HEEVG91CSClT06bESs3dXOUSHXm3Q-mEKnWFN0ZKVwWdeVPkQtYVqwcOop8AGcUYg==&uniplatform=NZKPT&language=CHS"
"西部人居环境学刊","2095-6304","50-1208/TU","重庆大学","2.311","1.343","网络首发","建筑科学与工程","https://navi.cnki.net/knavi/detail?p=5ZaO-ltDWIOFTbGgG0vlRNcRzzYbzRb6O9-Lw4Xr_1HTfqHJFM5R_HEEVG91CSClT06bESs3dXPeCAkrvk1TWNT2LN_vpg7x5fk4rWhJkUvvDxuudrIj1w==&uniplatform=NZKPT&language=CHS"
"建筑学报","0529-1399","11-1930/TU","中国建筑学会","2.145","1.561","网络首发","建筑科学与工程","https://navi.cnki.net/knavi/detail?p=5ZaO-ltDWIOFTbGgG0vlRNcRzzYbzRb6O9-Lw4Xr_1HTfqHJFM5R_HEEVG91CSClT06bESs3dXPaCUIzPVERJ4GiQGX7cElZYuFlt3dzLnHB44MpRzURNg==&uniplatform=NZKPT&language=CHS"
"地下空间与工程学报","1673-0836","50-1169/TU","中国岩石力学与工程学会;重庆大学","2.119","1.421","网络首发","建筑科学与工程","https://navi.cnki.net/knavi/detail?p=5ZaO-ltDWIOFTbGgG0vlRNcRzzYbzRb6O9-Lw4Xr_1HTfqHJFM5R_HEEVG91CSClT06bESs3dXNYQh0nZNHIsxNf8fU3Cz8r3aqkcxYhv4xh54-UcksgFw==&uniplatform=NZKPT&language=CHS"
"工程管理学报","1674-8859","23-1561/TU","哈尔滨工业大学;中国建筑业协会","2.090","0.944","网络首发","建筑科学与工程","https://navi.cnki.net/knavi/detail?p=5ZaO-ltDWIPIQgNX73SF2KzjkPajM-kxjp2ISd34syccB3VpH5OI85EaWLhYU67WVl6Bz7s1BAGJBVne-Xf2YrypzA67-skgukWLF-6OR8M2HJGECakd8Q==&uniplatform=NZKPT&language=CHS"
"工程爆破","1006-7051","11-3675/TD","中国爆破行业协会","1.714","1.385","网络首发","建筑科学与工程","https://navi.cnki.net/knavi/detail?p=5ZaO-ltDWIPIQgNX73SF2KzjkPajM-kxjp2ISd34syccB3VpH5OI85EaWLhYU67WVl6Bz7s1BAFHCx4GdcdK94ndsrOrb_9GHxALhyPVBx0t0eQ04qQQxQ==&uniplatform=NZKPT&language=CHS"
"中国给水排水","1000-4602","12-1073/TU","中国市政工程华北设计研究总院有限公司;国家城市给水排水工程技术研究中心","1.623","1.121","网络首发","建筑科学与工程","https://navi.cnki.net/knavi/detail?p=5ZaO-ltDWIPIQgNX73SF2KzjkPajM-kxjp2ISd34syccB3VpH5OI85EaWLhYU67WVl6Bz7s1BAHF2snxEJ6tqe73ubJBaJXidxQFAQr3RiLd7gHtFZa65g==&uniplatform=NZKPT&language=CHS"
"建筑科学","1002-8528","11-1962/TU","中国建筑科学研究院有限公司","1.619","1.103","网络首发","建筑科学与工程","https://navi.cnki.net/knavi/detail?p=5ZaO-ltDWIPIQgNX73SF2KzjkPajM-kxjp2ISd34syccB3VpH5OI85EaWLhYU67WVl6Bz7s1BAFHqlKYVXgo24lsiBzMaza9L_Lj554iQvwyJa0MiUYoVg==&uniplatform=NZKPT&language=CHS"
"建筑钢结构进展","1671-9379","31-1893/TU","同济大学","1.516","0.882","网络首发","建筑科学与工程","https://navi.cnki.net/knavi/detail?p=5ZaO-ltDWIPIQgNX73SF2KzjkPajM-kxjp2ISd34syccB3VpH5OI85EaWLhYU67WVl6Bz7s1BAGA7mwMVEUUsHWBy_JAUrO8sslj5fyZPfaV9ROKr3Lxcg==&uniplatform=NZKPT&language=CHS"
"地震工程与工程振动","1000-1301","23-1157/P","中国地震局工程力学研究所;中国力学学会","1.515","1.049","网络首发","建筑科学与工程","https://navi.cnki.net/knavi/detail?p=5ZaO-ltDWIPIQgNX73SF2KzjkPajM-kxjp2ISd34syccB3VpH5OI85EaWLhYU67WVl6Bz7s1BAFUc5M_eiBB3hNSnCnONx-wKx_QwFd5XyLcSMkOi6Zpbw==&uniplatform=NZKPT&language=CHS"
"小城镇建设","1009-1483","11-4418/TU","中国城市发展规划设计咨询有限公司","1.511","0.825","网络首发","建筑科学与工程","https://navi.cnki.net/knavi/detail?p=5ZaO-ltDWIPIQgNX73SF2KzjkPajM-kxjp2ISd34syccB3VpH5OI85EaWLhYU67WVl6Bz7s1BAFh40W_jNNHKXCWlL0LmNgRL0cLv5w3eyaWZul5RuDfDg==&uniplatform=NZKPT&language=CHS"
"混凝土","1002-3550","21-1259/TU","中国建筑业协会混凝土分会;中国建筑东北设计研究院有限公司","1.510","1.042","网络首发","建筑科学与工程","https://navi.cnki.net/knavi/detail?p=5ZaO-ltDWIPIQgNX73SF2KzjkPajM-kxjp2ISd34syccB3VpH5OI85EaWLhYU67WVl6Bz7s1BAFUBxSndhBBD7Mem8lqxKYDDYmx4l7Kxzl8N6BHTT1mmw==&uniplatform=NZKPT&language=CHS"
"给水排水","1002-8471","11-4972/TU","亚太建设科技信息研究院有限公司;中国土木工程学会","1.494","1.108","网络首发|增强出版","建筑科学与工程","https://navi.cnki.net/knavi/detail?p=5ZaO-ltDWIPIQgNX73SF2KzjkPajM-kxjp2ISd34syccB3VpH5OI85EaWLhYU67WVl6Bz7s1BAFL9tVRjhUFFAcOaZEelYWyhpjWgBDUrI9wN2a0UKPbCg==&uniplatform=NZKPT&language=CHS"
"园林","1000-0283","31-1118/S","上海市园林科学规划研究院;中国风景园林学会","1.485","0.804","网络首发|增强出版","建筑科学与工程","https://navi.cnki.net/knavi/detail?p=5ZaO-ltDWIPIQgNX73SF2KzjkPajM-kxjp2ISd34syccB3VpH5OI85EaWLhYU67WVl6Bz7s1BAF6sddrWNRzgUc5AEd0-LQycNS6_F9HJMCXahGZ5Av0QQ==&uniplatform=NZKPT&language=CHS"
"工业建筑","1000-8993","11-2068/TU","中冶建筑研究总院有限公司","1.480","0.859","网络首发","建筑科学与工程","https://navi.cnki.net/knavi/detail?p=5ZaO-ltDWIPIQgNX73SF2KzjkPajM-kxjp2ISd34syccB3VpH5OI85EaWLhYU67WVl6Bz7s1BAHRrHdF5jhFhPTO8rLTaJYeRw0qI2sVCLfY2YE5_VFxGg==&uniplatform=NZKPT&language=CHS"
"土木建筑工程信息技术","1674-7461","11-5823/TU","中国图学学会","1.450","0.888","网络首发","建筑科学与工程","https://navi.cnki.net/knavi/detail?p=5ZaO-ltDWIPDHqzBih5W_Aalz6DBEYZ3lC2adTINRxmHl_eYPKVF3xiH1tqOS1Ir_f-5dLO2p3LpoZsYzRaIaHQHvNnr9zlYfwmMxWlTED8FsbhA7wMWug==&uniplatform=NZKPT&language=CHS"
"城乡规划","2096-3025","31-2128/TU","上海文化出版社;复旦大学","1.421","0.770","","建筑科学与工程","https://navi.cnki.net/knavi/detail?p=5ZaO-ltDWIPDHqzBih5W_Aalz6DBEYZ3lC2adTINRxmHl_eYPKVF3xiH1tqOS1Ir_f-5dLO2p3LymyzXFg4rDBl4SczcqfdPX4pmxzZrHgCczSqtCTkTsg==&uniplatform=NZKPT&language=CHS"
"净水技术","1009-0177","31-1513/TQ","上海市净水技术学会;上海城市水资源开发利用国家工程中心有限公司","1.414","0.946","网络首发|增强出版","建筑科学与工程","https://navi.cnki.net/knavi/detail?p=5ZaO-ltDWIPDHqzBih5W_Aalz6DBEYZ3lC2adTINRxmHl_eYPKVF3xiH1tqOS1Ir_f-5dLO2p3KG20ogi0DChga-5i29Cxyo2e7qryz9ivO0Qjl83GNf6A==&uniplatform=NZKPT&language=CHS"
"施工技术(中英文)","2097-0897","10-1768/TU","亚太建设科技信息研究院有限公司;中国建筑集团有限公司;中国土木工程学会","1.409","1.033","网络首发","建筑科学与工程","https://navi.cnki.net/knavi/detail?p=5ZaO-ltDWIPDHqzBih5W_Aalz6DBEYZ3lC2adTINRxmHl_eYPKVF3xiH1tqOS1Ir_f-5dLO2p3J74LRkx5LL5uwLMHzRvpSsO8Kg0p8VQ345yJSGYhAR-Q==&uniplatform=NZKPT&language=CHS"
"城市观察","1674-7178","44-1664/C","广州市社会科学界联合会","1.383","0.797","网络首发|增强出版","建筑科学与工程","https://navi.cnki.net/knavi/detail?p=5ZaO-ltDWIPDHqzBih5W_Aalz6DBEYZ3lC2adTINRxmHl_eYPKVF3xiH1tqOS1Ir_f-5dLO2p3KIkLuO8o3Ur85V-KDGxuQ80-bO8hlUFI4Y-q_gUP8qyw==&uniplatform=NZKPT&language=CHS"
"新建筑","1000-3959","42-1155/TU","华中科技大学","1.332","1.023","网络首发","建筑科学与工程","https://navi.cnki.net/knavi/detail?p=5ZaO-ltDWIPDHqzBih5W_Aalz6DBEYZ3lC2adTINRxmHl_eYPKVF3xiH1tqOS1Ir_f-5dLO2p3LCNtPRlC4tp095ZMs8nEN7jx_pt0Pq3HKSNkfjtvZ3Ag==&uniplatform=NZKPT&language=CHS"
"混凝土世界","1674-7011","11-5862/TU","北京建筑材料科学研究总院有限公司","1.328","1.128","网络首发|增强出版","建筑科学与工程","https://navi.cnki.net/knavi/detail?p=5ZaO-ltDWIPDHqzBih5W_Aalz6DBEYZ3lC2adTINRxmHl_eYPKVF3xiH1tqOS1Ir_f-5dLO2p3K_nlo09Quns2xk4oKajdDN2RG7ICgAd4sVpmABQPNrWw==&uniplatform=NZKPT&language=CHS"
"混凝土与水泥制品","1000-4637","32-1173/TU","苏州混凝土水泥制品研究院;中国混凝土与水泥制品协会","1.306","0.887","网络首发","建筑科学与工程","https://navi.cnki.net/knavi/detail?p=5ZaO-ltDWIPDHqzBih5W_Aalz6DBEYZ3lC2adTINRxmHl_eYPKVF3xiH1tqOS1Ir_f-5dLO2p3I1lZKjGUU0kEjqAVXTE_O7zmJYPbuiO0-_q4eOjsLxDg==&uniplatform=NZKPT&language=CHS"
"消防科学与技术","1009-0029","12-1311/TU","应急管理部天津消防研究所","1.284","0.873","网络首发","建筑科学与工程","https://navi.cnki.net/knavi/detail?p=5ZaO-ltDWIPDHqzBih5W_Aalz6DBEYZ3lC2adTINRxmHl_eYPKVF3xiH1tqOS1Ir_f-5dLO2p3IQgo2uvcb_tLISYVE2jhN-njW9ntBOb3JCCTiu9RsTVg==&uniplatform=NZKPT&language=CHS"
"工程造价管理","1008-2166","11-3151/TB","中国建设工程造价管理协会","1.262","1.110","网络首发|增强出版","建筑科学与工程","https://navi.cnki.net/knavi/detail?p=5ZaO-ltDWIPDHqzBih5W_Aalz6DBEYZ3lC2adTINRxmHl_eYPKVF3xiH1tqOS1Ir_f-5dLO2p3I_QMZoBqTEF_xlRpKpwxGSeRl73ZlcPmA4D9MZsFnBVw==&uniplatform=NZKPT&language=CHS"
"建筑结构","1002-848X","11-2833/TU","亚太建设科技信息研究院有限公司;中国土木工程学会","1.256","0.904","网络首发|增强出版","建筑科学与工程","https://navi.cnki.net/knavi/detail?p=5ZaO-ltDWIMZN1wKhlX-pVrDN3nVWfVuAIKyb10Fb5cb4cvBTEjYQQ3BsfYlyIRtcbJO9RkIWe7rlduUNr0ZsHf78dQLhsFuLf_NWL3AWLtSmVxDjVl7ZA==&uniplatform=NZKPT&language=CHS"
"世界地震工程","1007-6069","23-1195/P","中国地震局工程力学研究所;中国力学学会","1.250","0.755","网络首发","建筑科学与工程","https://navi.cnki.net/knavi/detail?p=5ZaO-ltDWIMZN1wKhlX-pVrDN3nVWfVuAIKyb10Fb5cb4cvBTEjYQQ3BsfYlyIRtcbJO9RkIWe64hESe3gF8aHSCt3g_1E5bDuA787OD0-5fE4TFs8D22Q==&uniplatform=NZKPT&language=CHS"
"新型建筑材料","1001-702X","33-1078/TU","中国新型建材设计研究院有限公司","1.176","0.904","网络首发|增强出版","建筑科学与工程","https://navi.cnki.net/knavi/detail?p=5ZaO-ltDWIMZN1wKhlX-pVrDN3nVWfVuAIKyb10Fb5cb4cvBTEjYQQ3BsfYlyIRtcbJO9RkIWe6Coz3grWaZ7TYthXDswuSj036-P-oMOQhPAy9p3LRsog==&uniplatform=NZKPT&language=CHS"
"北京建筑大学学报","2096-9872","10-1250/TU","北京建筑大学","1.150","0.627","网络首发","建筑科学与工程","https://navi.cnki.net/knavi/detail?p=5ZaO-ltDWINI6-fm339XBaSUm14uCMFsIsNaZIg87oJPXvJoavNqKgJVTFYsmZxpX923kwpGDCJjPvW--lZ60VKZMjHl8wX7i9BWREwW_vRCcdEFFoZxQQ==&uniplatform=NZKPT&language=CHS"
"土木工程与管理学报","2095-0985","42-1816/TU","华中科技大学","1.104","0.640","网络首发","建筑科学与工程","https://navi.cnki.net/knavi/detail?p=5ZaO-ltDWINI6-fm339XBaSUm14uCMFsIsNaZIg87oJPXvJoavNqKgJVTFYsmZxpX923kwpGDCKz01CZSQ6qgh9RL1Qncqyuei6PtctDAihJGcp4eSnK4A==&uniplatform=NZKPT&language=CHS"
"建筑节能(中英文)","2096-9422","21-1612/TU","中国建筑东北设计研究院有限公司;中国建筑节能协会","1.103","0.699","网络首发|增强出版|混合OA期刊","建筑科学与工程","https://navi.cnki.net/knavi/detail?p=5ZaO-ltDWINI6-fm339XBaSUm14uCMFsIsNaZIg87oJPXvJoavNqKgJVTFYsmZxpX923kwpGDCIk65wcJsWl4SbVjkWzd0NPk4svvDVrm23_mx7RCfj2qw==&uniplatform=NZKPT&language=CHS"
"工程勘察","1000-1433","11-2025/TU","中国建筑学会工程勘察分会;建设综合勘察研究设计院","1.080","0.796","网络首发|增强出版","建筑科学与工程","https://navi.cnki.net/knavi/detail?p=5ZaO-ltDWINI6-fm339XBaSUm14uCMFsIsNaZIg87oJPXvJoavNqKgJVTFYsmZxpX923kwpGDCIhtW7Dcv7-4aKU4WXUhJPwlDcvdWsdDjC4mnNIGI_pUA==&uniplatform=NZKPT&language=CHS"
"世界建筑","1002-4832","11-1847/TU","清华大学","0.899","0.542","网络首发|增强出版","建筑科学与工程","https://navi.cnki.net/knavi/detail?p=5ZaO-ltDWINI6-fm339XBaSUm14uCMFsIsNaZIg87oJPXvJoavNqKgJVTFYsmZxpX923kwpGDCInOaVgnWQsw-EQ9iQMFgu2W3mATcndf3Jhmnt-gocV3Q==&uniplatform=NZKPT&language=CHS"
"广州建筑","1671-2439","44-1229/TU","广州市建筑科学研究院集团有限公司","0.888","0.814","","建筑科学与工程","https://navi.cnki.net/knavi/detail?p=5ZaO-ltDWINI6-fm339XBaSUm14uCMFsIsNaZIg87oJPXvJoavNqKgJVTFYsmZxpX923kwpGDCKq_vSwJS6z17HuhENhAM7W4TEIUUP1XDhdIi-mgrVGvg==&uniplatform=NZKPT&language=CHS"
"高等建筑教育","1005-2909","50-1025/G4","重庆大学","0.870","0.795","网络首发","建筑科学与工程","https://navi.cnki.net/knavi/detail?p=5ZaO-ltDWINI6-fm339XBaSUm14uCMFsIsNaZIg87oJPXvJoavNqKgJVTFYsmZxpX923kwpGDCLEA4hzezz3XVJp_YJB2up9aHakzwCl0_jkp8JXn-DATA==&uniplatform=NZKPT&language=CHS"
"防护工程","1674-1854","41-1365/TU","军事科学院国防工程研究院","0.868","0.654","","建筑科学与工程","https://navi.cnki.net/knavi/detail?p=5ZaO-ltDWINI6-fm339XBaSUm14uCMFsIsNaZIg87oJPXvJoavNqKgJVTFYsmZxpX923kwpGDCL4M_mXDvRthViPLa4uq_QKY8n4ZZOqQD83V1HaOFnMOA==&uniplatform=NZKPT&language=CHS"
"地基处理","2096-7195","33-1416/TU","浙江大学","0.859","0.662","网络首发","建筑科学与工程","https://navi.cnki.net/knavi/detail?p=5ZaO-ltDWINI6-fm339XBaSUm14uCMFsIsNaZIg87oJPXvJoavNqKgJVTFYsmZxpX923kwpGDCKv4YiLKsU1iELRZu9QjNamGWdx6Ar57TJaAuXHJ2E1SA==&uniplatform=NZKPT&language=CHS"
"钢结构(中英文)","2096-6865","10-1609/TF","中冶建筑研究总院有限公司;中国钢结构协会","0.838","0.585","网络首发","建筑科学与工程","https://navi.cnki.net/knavi/detail?p=5ZaO-ltDWINI6-fm339XBaSUm14uCMFsIsNaZIg87oJPXvJoavNqKgJVTFYsmZxpX923kwpGDCLWMxr-yZNgN7n8X16xivyFbzJoDHakRvA_lmcXNBgMzA==&uniplatform=NZKPT&language=CHS"
"景观设计","1672-7460","21-1507/TU","大连理工大学出版社","0.829","0.500","","建筑科学与工程","https://navi.cnki.net/knavi/detail?p=5ZaO-ltDWINI6-fm339XBaSUm14uCMFsIsNaZIg87oJPXvJoavNqKgJVTFYsmZxpX923kwpGDCJKH9UTTrD5_0TKBQACM5jfPorgdRsAIbSap00_XxEa_w==&uniplatform=NZKPT&language=CHS"
"景观设计学(中英文）","2096-336X","10-1467/TU","高等教育出版社有限公司;北京大学","0.816","0.575","混合OA期刊","建筑科学与工程","https://navi.cnki.net/knavi/detail?p=5ZaO-ltDWINI6-fm339XBaSUm14uCMFsIsNaZIg87oJPXvJoavNqKgJVTFYsmZxpX923kwpGDCIKwvlr_u8Iutf-Wqn_yLI35ncDY2kxWlF5vzz66sGITA==&uniplatform=NZKPT&language=CHS"
"岩土工程技术","1007-2993","11-3813/TU","国防机械工业工程勘察科技情报网;中兵勘察设计研究院有限公司","0.783","0.585","网络首发|增强出版","建筑科学与工程","https://navi.cnki.net/knavi/detail?p=5ZaO-ltDWINI6-fm339XBaSUm14uCMFsIsNaZIg87oJPXvJoavNqKgJVTFYsmZxpX923kwpGDCINhYheRxWnwzSvbLfMofYdb2zi7xMirIFuHeSxNnpQUg==&uniplatform=NZKPT&language=CHS"
"工程抗震与加固改造","2097-664X","11-5260/P","中国建筑学会;中国建筑科学研究院有限公司","0.774","0.491","网络首发","建筑科学与工程","https://navi.cnki.net/knavi/detail?p=5ZaO-ltDWINI6-fm339XBaSUm14uCMFsIsNaZIg87oJPXvJoavNqKgJVTFYsmZxpX923kwpGDCJ9bgPKSgM9LzQ3dSKMUVaTQ12-h4jf1fj52Jl73giHdg==&uniplatform=NZKPT&language=CHS"
"建筑遗产","2095-7289","10-1071/TU","中国科技出版传媒股份有限公司;同济大学","0.747","0.558","网络首发","建筑科学与工程","https://navi.cnki.net/knavi/detail?p=5ZaO-ltDWINI6-fm339XBaSUm14uCMFsIsNaZIg87oJPXvJoavNqKgJVTFYsmZxpX923kwpGDCKOd0hcQmmP9MRAK-JP_iU77Tm_j3p5yggEWjcWEm1Qlw==&uniplatform=NZKPT&language=CHS"
"安徽建筑大学学报","2095-8382","34-1325/TU","安徽建筑大学","0.737","0.331","","建筑科学与工程","https://navi.cnki.net/knavi/detail?p=5ZaO-ltDWINI6-fm339XBaSUm14uCMFsIsNaZIg87oJPXvJoavNqKgJVTFYsmZxpX923kwpGDCIVsYlLAkoN10byaT35KEt5P1r0190mGzD7KMH-HNZSgA==&uniplatform=NZKPT&language=CHS"
"建筑师","1001-6740","11-5142/TU","中国建筑出版传媒有限公司","0.733","0.552","网络首发|增强出版","建筑科学与工程","https://navi.cnki.net/knavi/detail?p=5ZaO-ltDWINI6-fm339XBaSUm14uCMFsIsNaZIg87oJPXvJoavNqKgJVTFYsmZxpX923kwpGDCK6rdcK_ApFABScJdXcI2tVSvE_hKaQang4117vemG9Dg==&uniplatform=NZKPT&language=CHS"
"中国医院建筑与装备","1671-9174","11-4851/T","国家卫生健康委医院管理研究所","0.714","0.561","网络首发","建筑科学与工程","https://navi.cnki.net/knavi/detail?p=5ZaO-ltDWINI6-fm339XBaSUm14uCMFsIsNaZIg87oJPXvJoavNqKgJVTFYsmZxpX923kwpGDCJTlDyWptApqmNuBMZZe_CCt28c8n6NNVu7ExauEcbkaw==&uniplatform=NZKPT&language=CHS"
"吉林建筑大学学报","2095-8919","22-1413/TU","吉林建筑大学","0.690","0.342","网络首发","建筑科学与工程","https://navi.cnki.net/knavi/detail?p=5ZaO-ltDWIM1uby0tBOnCR7Lg3LC5iPsSdW4VQmUp2I8bELkZgJ3p_12PFa_sD5fmPbc2ZRaiS_95Z-9BPPkrRkiOiPxnTNf-ax9OOHPqBIk6XZdmgkbZA==&uniplatform=NZKPT&language=CHS"
"华中建筑","1003-739X","42-1228/TU","中南建筑设计院有限公司;湖北省土木建筑学会","0.687","0.290","网络首发","建筑科学与工程","https://navi.cnki.net/knavi/detail?p=5ZaO-ltDWIM1uby0tBOnCR7Lg3LC5iPsSdW4VQmUp2I8bELkZgJ3p_12PFa_sD5fmPbc2ZRaiS8MTsiwJeyfyE5RWNeqc4nHzBbaQhoR-wh8Gxb6vMwQ_g==&uniplatform=NZKPT&language=CHS"
"中外建筑","1008-0422","43-1255/TU","中华人民共和国住房和城乡建设部信息中心;长沙市住房和城乡建设信息中心","0.687","0.258","网络首发|增强出版","建筑科学与工程","https://navi.cnki.net/knavi/detail?p=5ZaO-ltDWIM1uby0tBOnCR7Lg3LC5iPsSdW4VQmUp2I8bELkZgJ3p_12PFa_sD5fmPbc2ZRaiS9h70et5YS7x9t-82jvdcSlhEkyzMmx0dWe0SyqHc4BoQ==&uniplatform=NZKPT&language=CHS"
"中国建筑金属结构","1671-3362","11-4723/TU","中国建筑金属结构协会","0.686","0.565","","建筑科学与工程","https://navi.cnki.net/knavi/detail?p=5ZaO-ltDWIM1uby0tBOnCR7Lg3LC5iPsSdW4VQmUp2I8bELkZgJ3p_12PFa_sD5fmPbc2ZRaiS9AMWHQ2iQJ9XGw6R_7xkI-91E5PV5hqtdOZ-bPJCNk0A==&uniplatform=NZKPT&language=CHS"
"Frontiers of Architectural Research","2095-2635","10-1024/TU","高等教育出版社有限公司;东南大学","0.682","0.435","完全OA期刊","建筑科学与工程","https://navi.cnki.net/knavi/detail?p=5ZaO-ltDWIM1uby0tBOnCR7Lg3LC5iPsSdW4VQmUp2I8bELkZgJ3p_12PFa_sD5fmPbc2ZRaiS8R8R_6vMVopb3FVnC4DpI5P7DYd64fjv-lqxPOR5k3qg==&uniplatform=NZKPT&language=CHS"
"粉煤灰综合利用","1005-8249","13-1187/TU","河北省建筑科学研究院有限公司","0.682","0.477","网络首发","建筑科学与工程","https://navi.cnki.net/knavi/detail?p=5ZaO-ltDWIM1uby0tBOnCR7Lg3LC5iPsSdW4VQmUp2I8bELkZgJ3p_12PFa_sD5fmPbc2ZRaiS89K7UrNUPNlJFujOfXii8PtFBnrP8iIaxXjlJZ7DA7vw==&uniplatform=NZKPT&language=CHS"
"空间结构","1006-6578","33-1205/TU","浙江大学","0.681","0.457","网络首发","建筑科学与工程","https://navi.cnki.net/knavi/detail?p=5ZaO-ltDWIM1uby0tBOnCR7Lg3LC5iPsSdW4VQmUp2I8bELkZgJ3p_12PFa_sD5fmPbc2ZRaiS-iRiW-wHY8m3RBsKu5SBuMXvwZs5lye8FcXZqu6_vFrQ==&uniplatform=NZKPT&language=CHS"
"住区","1674-9073","11-5915/TU","清华大学;清华大学建筑设计研究院有限公司;中国建筑出版传媒有限公司","0.680","0.360","","建筑科学与工程","https://navi.cnki.net/knavi/detail?p=5ZaO-ltDWIM1uby0tBOnCR7Lg3LC5iPsSdW4VQmUp2I8bELkZgJ3p_12PFa_sD5fmPbc2ZRaiS9n-c3q_zYVriUiph1p0RowELlK-3Zfypd6IDIDR410gg==&uniplatform=NZKPT&language=CHS"
"广东园林","1671-2641","44-1219/S","广东园林学会","0.675","0.443","网络首发|增强出版","建筑科学与工程","https://navi.cnki.net/knavi/detail?p=5ZaO-ltDWIM1uby0tBOnCR7Lg3LC5iPsSdW4VQmUp2I8bELkZgJ3p_12PFa_sD5fmPbc2ZRaiS_5n60SlihxDzUjsmhghK6Mb3JW7KNoWA5Q-QBf57pWGA==&uniplatform=NZKPT&language=CHS"
"结构工程师","1005-0159","31-1358/TU","同济大学","0.675","0.500","网络首发","建筑科学与工程","https://navi.cnki.net/knavi/detail?p=5ZaO-ltDWIM1uby0tBOnCR7Lg3LC5iPsSdW4VQmUp2I8bELkZgJ3p_12PFa_sD5fmPbc2ZRaiS-CdK-WHx6_8BxQrl4HnOeKtGAo_HS6svcg_u6JCxTCjQ==&uniplatform=NZKPT&language=CHS"
"广东土木与建筑","1671-4563","44-1386/TU","广东省建筑科学研究院集团股份有限公司;广东省土木建筑学会","0.663","0.520","网络首发|增强出版","建筑科学与工程","https://navi.cnki.net/knavi/detail?p=5ZaO-ltDWIM1uby0tBOnCR7Lg3LC5iPsSdW4VQmUp2I8bELkZgJ3p_12PFa_sD5fmPbc2ZRaiS-Z3xmI89G5XpJbY0erFNSMHzRuXwllA_cY4Wl94DiEdg==&uniplatform=NZKPT&language=CHS"
"当代建筑","2096-8051","23-1610/TU","哈尔滨工业大学建筑设计研究院有限公司","0.641","0.431","网络首发","建筑科学与工程","https://navi.cnki.net/knavi/detail?p=5ZaO-ltDWIM1uby0tBOnCR7Lg3LC5iPsSdW4VQmUp2I8bELkZgJ3p_12PFa_sD5fmPbc2ZRaiS-6yTf1iLHc9D1dMmzWZNderYTbgYAKnVHbvQEbh-Wnxg==&uniplatform=NZKPT&language=CHS"
"区域供热","1005-2453","11-3241/TK","中国城镇供热协会","0.634","0.421","网络首发|增强出版","建筑科学与工程","https://navi.cnki.net/knavi/detail?p=5ZaO-ltDWIM1uby0tBOnCR7Lg3LC5iPsSdW4VQmUp2I8bELkZgJ3p_12PFa_sD5fmPbc2ZRaiS9uwxSSKXYPTT4uxWi8jApIjhqQCseqHpCTFcu0z1gkiw==&uniplatform=NZKPT&language=CHS"
"北京规划建设","1003-627X","11-2882/TU","北京市城市规划设计研究院","0.632","0.332","网络首发|增强出版","建筑科学与工程","https://navi.cnki.net/knavi/detail?p=5ZaO-ltDWIM1uby0tBOnCR7Lg3LC5iPsSdW4VQmUp2I8bELkZgJ3p_12PFa_sD5fmPbc2ZRaiS-k4zVEU7BsBR_Q5vq_OMDyyQzd5jTSwV-l_6mvEwGIxA==&uniplatform=NZKPT&language=CHS"
"四川建筑科学研究","1008-1933","51-1142/TU","四川省建筑科学研究院有限公司","0.622","0.397","网络首发","建筑科学与工程","https://navi.cnki.net/knavi/detail?p=5ZaO-ltDWIM1uby0tBOnCR7Lg3LC5iPsSdW4VQmUp2I8bELkZgJ3p_12PFa_sD5fmPbc2ZRaiS_SCYoqyLACOPiNpoWf96i3uMG9jF4INjY-VLEMp0Jrww==&uniplatform=NZKPT&language=CHS"
"时代建筑","1005-684X","31-1359/TU","同济大学(建筑与城市规划学院)","0.621","0.465","","建筑科学与工程","https://navi.cnki.net/knavi/detail?p=5ZaO-ltDWIM1uby0tBOnCR7Lg3LC5iPsSdW4VQmUp2I8bELkZgJ3p_12PFa_sD5fmPbc2ZRaiS8EzQ3U0J0ZiEySjAP4O4I1m3RQL9TUku8X_fgbAx7BiQ==&uniplatform=NZKPT&language=CHS"
"建筑史学刊","2096-9368","10-1717/TU","机械工业信息研究院;清华大学","0.618","0.500","网络首发","建筑科学与工程","https://navi.cnki.net/knavi/detail?p=5ZaO-ltDWIM1uby0tBOnCR7Lg3LC5iPsSdW4VQmUp2I8bELkZgJ3p_12PFa_sD5fmPbc2ZRaiS-RowSOpfKIMnKWKnwJ22MmPhTqtfaM1Ze50CtvWO56ug==&uniplatform=NZKPT&language=CHS"
"煤气与热力","1000-4416","12-1101/TU","中国市政工程华北设计研究总院有限公司;中交煤气热力研究设计院有限公司;北京市煤气热力工程设计院有限公司","0.607","0.397","","建筑科学与工程","https://navi.cnki.net/knavi/detail?p=5ZaO-ltDWIM1uby0tBOnCR7Lg3LC5iPsSdW4VQmUp2I8bELkZgJ3p_12PFa_sD5fmPbc2ZRaiS9-5X73egj_4g13gNclD4UUx-DJ6-Eth4gDYlaI0LRgtw==&uniplatform=NZKPT&language=CHS"
"世界建筑导报","1000-8373","44-1236/TU","深圳大学","0.606","0.479","网络首发","建筑科学与工程","https://navi.cnki.net/knavi/detail?p=5ZaO-ltDWIM1uby0tBOnCR7Lg3LC5iPsSdW4VQmUp2I8bELkZgJ3p_12PFa_sD5fmPbc2ZRaiS9LObv-c9Faip2AQU1H2NgLy7IwkVUWrC6rGDo-ypJJZA==&uniplatform=NZKPT&language=CHS"
"China City Planning Review","1002-8447","11-1735/TU","中国城市规划学会","0.604","0.396","","建筑科学与工程","https://navi.cnki.net/knavi/detail?p=5ZaO-ltDWIM1uby0tBOnCR7Lg3LC5iPsSdW4VQmUp2I8bELkZgJ3p_12PFa_sD5fmPbc2ZRaiS8-k8hd4jrheGHuO7oYB5RP2s5Adq6ieSXWcd0KA2YIsA==&uniplatform=NZKPT&language=CHS"
"建筑技术","1000-4726","11-2253/TU","北京建工集团有限责任公司","0.593","0.459","","建筑科学与工程","https://navi.cnki.net/knavi/detail?p=5ZaO-ltDWIM1uby0tBOnCR7Lg3LC5iPsSdW4VQmUp2I8bELkZgJ3p_12PFa_sD5fmPbc2ZRaiS-7OJcO4O6tg7oATV2WIPGSHVk4AgrnfAT5dbMi5g6-uQ==&uniplatform=NZKPT&language=CHS"
"智能建筑与智慧城市","2096-1405","10-1392/TU","中国勘察设计协会","0.593","0.318","网络首发","建筑科学与工程","https://navi.cnki.net/knavi/detail?p=5ZaO-ltDWIN2EHBWZBrUzRdnA4s4cKCOWVJUIVS8L9KT3qxBXmuQHDeDy9zhcE2dFklo68tWJ3oHZ69X1U_6_M71-adFxwOPqQK_LRfbddxRxzMQ9x47uQ==&uniplatform=NZKPT&language=CHS"
"工程建设","1673-8993","43-1465/TU","中冶长天国际工程有限责任公司","0.588","0.412","网络首发","建筑科学与工程","https://navi.cnki.net/knavi/detail?p=5ZaO-ltDWIN2EHBWZBrUzRdnA4s4cKCOWVJUIVS8L9KT3qxBXmuQHDeDy9zhcE2dFklo68tWJ3o4RuIjydBah165ew872j-An60EumZczfcJLVtXhbgFow==&uniplatform=NZKPT&language=CHS"
"绿色建筑","1674-814X","31-2040/TU","上海市建筑科学研究院(集团)有限公司","0.588","0.383","网络首发|增强出版","建筑科学与工程","https://navi.cnki.net/knavi/detail?p=5ZaO-ltDWIOXLwdhNIVJTHy8jTYP9E3MQnusASEbBY5mF9wLcjkg2Ja4BVIqKI5eML8ssZPxsXvXfbKwDazsItcPMfI2ieIltoevXnzSy_npsnSnUw-jMA==&uniplatform=NZKPT&language=CHS"
"中国建设信息化","2096-0824","10-1357/TU","住房和城乡建设部信息中心","0.582","0.357","网络首发|增强出版","建筑科学与工程","https://navi.cnki.net/knavi/detail?p=5ZaO-ltDWIOXLwdhNIVJTHy8jTYP9E3MQnusASEbBY5mF9wLcjkg2Ja4BVIqKI5eML8ssZPxsXt7l9Cl_gp-9YQXQE5YBhTWOgwUVTKx5rfC_-wWNiOzBA==&uniplatform=NZKPT&language=CHS"
"Rock Mechanics Bulletin","2097-4671","10-1987/O3","中国岩石力学与工程学会;中国矿业大学(北京)","0.581","0.488","完全OA期刊","建筑科学与工程","https://navi.cnki.net/knavi/detail?p=5ZaO-ltDWIOXLwdhNIVJTHy8jTYP9E3MQnusASEbBY5mF9wLcjkg2Ja4BVIqKI5eML8ssZPxsXsKrNPhrkRJH8lRrcGQ4Mw8LGRfjI8JRj2ILd9Si18XjA==&uniplatform=NZKPT&language=CHS"
"供水技术","1673-9353","12-1393/TU","天津市自来水集团有限公司","0.557","0.421","","建筑科学与工程","https://navi.cnki.net/knavi/detail?p=5ZaO-ltDWIOXLwdhNIVJTHy8jTYP9E3MQnusASEbBY5mF9wLcjkg2Ja4BVIqKI5eML8ssZPxsXuoieKUWLJU0Zox9OLWxOsrLXJ_TGMSpLPHdqsOd-bhzQ==&uniplatform=NZKPT&language=CHS"
"市政技术","1009-7767","11-4527/TU","中国市政工程协会;北京市政路桥股份有限公司;北京市政建设集团有限责任公司;北京市市政工程研究院","0.557","0.402","","建筑科学与工程","https://navi.cnki.net/knavi/detail?p=5ZaO-ltDWIOXLwdhNIVJTHy8jTYP9E3MQnusASEbBY5mF9wLcjkg2Ja4BVIqKI5eML8ssZPxsXsDLD9sVcA-aCbttcitT1fHUVMIdEdPSWekeOqUcaPlYA==&uniplatform=NZKPT&language=CHS"
"住宅科技","1002-0454","31-1407/TU","住房和城乡建设部科技与产业化发展中心(住房和城乡建设部住宅产业化促进中心);上海市房地产科学研究院","0.539","0.243","网络首发|增强出版","建筑科学与工程","https://navi.cnki.net/knavi/detail?p=5ZaO-ltDWIOXLwdhNIVJTHy8jTYP9E3MQnusASEbBY5mF9wLcjkg2Ja4BVIqKI5eML8ssZPxsXvRTeXDk1CSUOyBDnqqQKN1L6kW5HY-M_220NOWeb5HSQ==&uniplatform=NZKPT&language=CHS"
"中国建筑防水","1007-497X","32-1462/TU","中国建筑防水协会;中建材防水材料公司;中国建筑材料科学研究总院苏州防水研究院","0.534","0.436","","建筑科学与工程","https://navi.cnki.net/knavi/detail?p=5ZaO-ltDWIOXLwdhNIVJTHy8jTYP9E3MQnusASEbBY5mF9wLcjkg2Ja4BVIqKI5eML8ssZPxsXvDN4gOLcFeJ1QyOOV4Flp2ap8OaS-CKXwlt8x2kfUmMA==&uniplatform=NZKPT&language=CHS"
"中国建材科技","1003-8965","11-2931/TU","中国建筑材料科学研究总院有限公司","0.528","0.341","网络首发","建筑科学与工程","https://navi.cnki.net/knavi/detail?p=5ZaO-ltDWIOXLwdhNIVJTHy8jTYP9E3MQnusASEbBY5mF9wLcjkg2Ja4BVIqKI5eML8ssZPxsXv90T01YTDBemlV3fTX9eGQ9WZs0JixCLWysjz56c9CEA==&uniplatform=NZKPT&language=CHS"
"勘察科学技术","1001-3946","13-1100/TF","中勘冶金勘察设计研究院有限责任公司","0.519","0.394","","建筑科学与工程","https://navi.cnki.net/knavi/detail?p=5ZaO-ltDWIOXLwdhNIVJTHy8jTYP9E3MQnusASEbBY5mF9wLcjkg2Ja4BVIqKI5eML8ssZPxsXu_AJCPBIoOxY8-UdWACM2w8--xy38a2qSSo69a5K7E4g==&uniplatform=NZKPT&language=CHS"
"土工基础","1004-3152","42-1151/TU","湖北省土木建筑学会;中科院武汉岩土力学研究所;武汉土木建筑学会","0.519","0.381","网络首发","建筑科学与工程","https://navi.cnki.net/knavi/detail?p=5ZaO-ltDWIN_1QDqmB_D-omVrI3jjlwdNNePYH2rGSFOf76nHrArZfYEXhbFVQbvbtHdbdjzrzj1NAnj4powSTBFXdrHCZOeDcZCSgayfKdcs_Yts4fjeA==&uniplatform=NZKPT&language=CHS"
"北方建筑","2096-2118","22-1419/TU","吉林省建筑科学研究设计院","0.502","0.322","网络首发","建筑科学与工程","https://navi.cnki.net/knavi/detail?p=5ZaO-ltDWIN_1QDqmB_D-omVrI3jjlwdNNePYH2rGSFOf76nHrArZfYEXhbFVQbvbtHdbdjzrzhyxU3Ui_ptOD-JiHb-hEUk-43TQ3xEK7lMQbh-Dvn9oA==&uniplatform=NZKPT&language=CHS"
"建设科技","1671-3915","11-4705/TU","住房和城乡建设部科技与产业化发展中心","0.477","0.291","网络首发","建筑科学与工程","https://navi.cnki.net/knavi/detail?p=5ZaO-ltDWIN_1QDqmB_D-omVrI3jjlwdNNePYH2rGSFOf76nHrArZfYEXhbFVQbvbtHdbdjzrzhRE7f7uBZ9pXoZIMO2ziaAYkMKtlOJIy7P292b54hnnA==&uniplatform=NZKPT&language=CHS"
"重庆建筑","1671-9107","50-1150/U","重庆市建筑科学研究院有限公司","0.475","0.297","网络首发|增强出版","建筑科学与工程","https://navi.cnki.net/knavi/detail?p=5ZaO-ltDWIN_1QDqmB_D-omVrI3jjlwdNNePYH2rGSFOf76nHrArZfYEXhbFVQbvbtHdbdjzrzjsd6FFB0VO7Vfn75keLjOjAiNxv0l8i7rgTBF_BpIA8w==&uniplatform=NZKPT&language=CHS"
"建筑与文化","1672-4909","11-5058/Z","世界图书出版有限公司","0.472","0.183","网络首发|增强出版","建筑科学与工程","https://navi.cnki.net/knavi/detail?p=5ZaO-ltDWIN_1QDqmB_D-omVrI3jjlwdNNePYH2rGSFOf76nHrArZfYEXhbFVQbvbtHdbdjzrzg81uuMf2c0uKwKia9S7KCFPPz4cfNGEEaxOgZo8f2Prg==&uniplatform=NZKPT&language=CHS"
"城市建筑","1673-0232","23-1528/TU","黑龙江科学技术出版社","0.456","0.201","网络首发|增强出版","建筑科学与工程","https://navi.cnki.net/knavi/detail?p=5ZaO-ltDWIN_1QDqmB_D-omVrI3jjlwdNNePYH2rGSFOf76nHrArZfYEXhbFVQbvbtHdbdjzrzgj3rXquOVISSH1edLqXEYXSdbF4_P4010T83-pzxGUqA==&uniplatform=NZKPT&language=CHS"
"建材世界","1674-6066","42-1783/TU","武汉理工大学","0.456","0.311","网络首发","建筑科学与工程","https://navi.cnki.net/knavi/detail?p=5ZaO-ltDWIN_1QDqmB_D-omVrI3jjlwdNNePYH2rGSFOf76nHrArZfYEXhbFVQbvbtHdbdjzrzh1OY2tDKfxySqby_Gme8i9kUP_8PeEhWvNpPCV5MAItA==&uniplatform=NZKPT&language=CHS"
"ENGINEERING Structure and Civil Engineering","2095-2430","10-1023/X","高等教育出版社;中国工程院;同济大学","0.452","0.342","混合OA期刊","建筑科学与工程","https://navi.cnki.net/knavi/detail?p=5ZaO-ltDWIN_1QDqmB_D-omVrI3jjlwdNNePYH2rGSFOf76nHrArZfYEXhbFVQbvbtHdbdjzrzjIUZiOHd-YYoDU_SxjzhEle2yCpUqo09SNIgnoZQdd6w==&uniplatform=NZKPT&language=CHS"
"城镇供水","1002-8420","11-1703/TU","中国城镇供水排水协会(会刊)","0.433","0.328","","建筑科学与工程","https://navi.cnki.net/knavi/detail?p=5ZaO-ltDWIN_1QDqmB_D-omVrI3jjlwdNNePYH2rGSFOf76nHrArZfYEXhbFVQbvbtHdbdjzrziM0Nm1F3Cf7IkCIIGeJfZrbq31EKW0EpnoMDXWc8INEw==&uniplatform=NZKPT&language=CHS"
"建筑","0577-7429","11-1405/TU","建筑杂志社有限公司","0.428","0.232","","建筑科学与工程","https://navi.cnki.net/knavi/detail?p=5ZaO-ltDWIN_1QDqmB_D-omVrI3jjlwdNNePYH2rGSFOf76nHrArZfYEXhbFVQbvbtHdbdjzrzhhrhx3dmbmLo6n6zBjYecb3fcrRXNEVyyGx-Sh3h4XmQ==&uniplatform=NZKPT&language=CHS"
"智能城市","2096-1936","21-1602/N","辽宁省科学技术情报研究所","0.419","0.253","网络首发|增强出版","建筑科学与工程","https://navi.cnki.net/knavi/detail?p=5ZaO-ltDWIPaR-YyYH-JlB8uhxYY08JPF76sbV7c8-xDL3TyMw-lyj49P95E-QAXbxgZYnHl7ukCv2d15HCwi4qwJ0A7RAN5n-HW9FwgImMDsTtzq7O6PQ==&uniplatform=NZKPT&language=CHS"
"城市设计","2096-1235","10-1376/TU","清华大学","0.418","0.198","网络首发","建筑科学与工程","https://navi.cnki.net/knavi/detail?p=5ZaO-ltDWIPaR-YyYH-JlB8uhxYY08JPF76sbV7c8-xDL3TyMw-lyj49P95E-QAXbxgZYnHl7ukfzHYtEhT_WSlHBOGZJtYCHnKOBdBNbOJ0Tu1oEHjTWw==&uniplatform=NZKPT&language=CHS"
"建材技术与应用","1009-9441","14-1291/TU","山西职业技术学院","0.417","0.222","网络首发|增强出版","建筑科学与工程","https://navi.cnki.net/knavi/detail?p=5ZaO-ltDWIPaR-YyYH-JlB8uhxYY08JPF76sbV7c8-xDL3TyMw-lyj49P95E-QAXbxgZYnHl7uk-Kt8kCuUYGKpM01a24lHkwokxjVOgiTNanUQonAm4Fg==&uniplatform=NZKPT&language=CHS"
"城市建筑空间","2097-1141","10-1813/TU","亚太建设科技信息研究院有限公司","0.410","0.184","网络首发","建筑科学与工程","https://navi.cnki.net/knavi/detail?p=5ZaO-ltDWIPaR-YyYH-JlB8uhxYY08JPF76sbV7c8-xDL3TyMw-lyj49P95E-QAXbxgZYnHl7umFy_kcICB0wapGjKdnq8fINAQduEA7bZJYJvfkhy4Ngg==&uniplatform=NZKPT&language=CHS"
"古建园林技术","1000-7237","11-2173/TU","北京《古建园林技术》杂志社有限公司","0.406","0.201","网络首发","建筑科学与工程","https://navi.cnki.net/knavi/detail?p=5ZaO-ltDWIPaR-YyYH-JlB8uhxYY08JPF76sbV7c8-xDL3TyMw-lyj49P95E-QAXbxgZYnHl7und52o4BOXJAv8YBQDQcTHtkePxrP8ExwboDsL0U0Xdpg==&uniplatform=NZKPT&language=CHS"
"浙江建筑","1008-3707","33-1102/TU","浙江省建筑设计研究院有限公司","0.400","0.236","","建筑科学与工程","https://navi.cnki.net/knavi/detail?p=5ZaO-ltDWIPaR-YyYH-JlB8uhxYY08JPF76sbV7c8-xDL3TyMw-lyj49P95E-QAXbxgZYnHl7ukCAo_Wye4V6c-kH1hLlrE28qsvawEGx0AF_3-kQ5C6xQ==&uniplatform=NZKPT&language=CHS"
"建筑设计管理","1673-1093","21-1311/TU","中国建筑东北设计研究院有限公司;中国勘察设计协会","0.393","0.196","网络首发","建筑科学与工程","https://navi.cnki.net/knavi/detail?p=5ZaO-ltDWIPaR-YyYH-JlB8uhxYY08JPF76sbV7c8-xDL3TyMw-lyj49P95E-QAXbxgZYnHl7umP7OmRvjCym97dICkPlmwqxYm-HECA3aBGUfnnp4y7RQ==&uniplatform=NZKPT&language=CHS"
"未来城市设计与运营","2097-0994","10-1769/TU","中国城市科学研究会","0.392","0.197","网络首发","建筑科学与工程","https://navi.cnki.net/knavi/detail?p=5ZaO-ltDWIPaR-YyYH-JlB8uhxYY08JPF76sbV7c8-xDL3TyMw-lyj49P95E-QAXbxgZYnHl7ulDbZFAfEybxLhr5pHsoHP5A1s8sy9gbDM8Z9xXhp4t4A==&uniplatform=NZKPT&language=CHS"
"建筑安全","1004-552X","51-1390/TU","四川华西集团有限公司","0.391","0.245","","建筑科学与工程","https://navi.cnki.net/knavi/detail?p=5ZaO-ltDWIPaR-YyYH-JlB8uhxYY08JPF76sbV7c8-xDL3TyMw-lyj49P95E-QAXbxgZYnHl7umRm8CiicPunW0ZTBx1S77BYxJ7HnKdB-i-wrQoZMSzww==&uniplatform=NZKPT&language=CHS"
"室内设计与装修","1005-7374","32-1372/TS","南京林业大学","0.374","0.205","","建筑科学与工程","https://navi.cnki.net/knavi/detail?p=5ZaO-ltDWIPaR-YyYH-JlB8uhxYY08JPF76sbV7c8-xDL3TyMw-lyj49P95E-QAXbxgZYnHl7ule4UIrSlWOvlNdmhws0ym1u_84cAkXFCQlDP3rrr8vpA==&uniplatform=NZKPT&language=CHS"
"城市燃气","1671-5152","11-4756/TU","中国城市燃气协会","0.370","0.238","网络首发|增强出版","建筑科学与工程","https://navi.cnki.net/knavi/detail?p=5ZaO-ltDWIPaR-YyYH-JlB8uhxYY08JPF76sbV7c8-xDL3TyMw-lyj49P95E-QAXbxgZYnHl7umwsxg0bNP3OfYTa_Gf9dKIF2cHHhV8CFI5Uu8sLjkj3A==&uniplatform=NZKPT&language=CHS"
"城市开发","1002-3062","11-2373/TU","北京科学技术出版社有限公司","0.368","0.138","增强出版","建筑科学与工程","https://navi.cnki.net/knavi/detail?p=5ZaO-ltDWIPaR-YyYH-JlB8uhxYY08JPF76sbV7c8-xDL3TyMw-lyj49P95E-QAXbxgZYnHl7ukrlGJqr26UdfNoctDOZnTpsSIn1EN4ySTO0ixuQdvVaw==&uniplatform=NZKPT&language=CHS"
"工程建设与设计","1007-9467","11-3914/TU","国家机械工业局工程建设中心;中国机械工业勘察设计协会;中国中元国际工程有限公司","0.364","0.262","","建筑科学与工程","https://navi.cnki.net/knavi/detail?p=5ZaO-ltDWIPaR-YyYH-JlB8uhxYY08JPF76sbV7c8-xDL3TyMw-lyj49P95E-QAXbxgZYnHl7um5WAQSGMJa-ChWZAXrrw-9N4qIlCAA2CpCuhL4ZIKI9w==&uniplatform=NZKPT&language=CHS"
"工程技术研究","2096-2789","44-1727/N","广州市金属学会;广东工程职业技术学院","0.343","0.230","","建筑科学与工程","https://navi.cnki.net/knavi/detail?p=5ZaO-ltDWIPaR-YyYH-JlB8uhxYY08JPF76sbV7c8-xDL3TyMw-lyj49P95E-QAXbxgZYnHl7umyeW2RtYqq_FbbomU5Si1gpSn5DQZ9uji4WnVMNS6oIw==&uniplatform=NZKPT&language=CHS"
"中国勘察设计","1006-9607","11-3733/TU","中国勘察设计协会","0.339","0.169","","建筑科学与工程","https://navi.cnki.net/knavi/detail?p=5ZaO-ltDWIPaR-YyYH-JlB8uhxYY08JPF76sbV7c8-xDL3TyMw-lyj49P95E-QAXbxgZYnHl7umGv-vtaflfOA5Shm-Y6Reuz_eHdq23sK01ybMlUU50WA==&uniplatform=NZKPT&language=CHS"
"工程与建设","1673-5781","34-1296/N","时代出版传媒股份有限公司;安徽省工程建设标准设计办公室","0.338","0.219","网络首发","建筑科学与工程","https://navi.cnki.net/knavi/detail?p=5ZaO-ltDWIPaR-YyYH-JlB8uhxYY08JPF76sbV7c8-xDL3TyMw-lyj49P95E-QAXbxgZYnHl7ullyx8zEv2zniwDObQHB2J7p4YWrRQ1gtelizt5andCyw==&uniplatform=NZKPT&language=CHS"
"低温建筑技术","1001-6864","23-1170/TU","黑龙江省寒地建筑科学研究院;哈尔滨工业大学","0.335","0.183","","建筑科学与工程","https://navi.cnki.net/knavi/detail?p=5ZaO-ltDWIPaR-YyYH-JlB8uhxYY08JPF76sbV7c8-xDL3TyMw-lyj49P95E-QAXbxgZYnHl7um49t5_pzRxD4ryA0qqJe4GNPB_doMauuOqWwZ-pN9aUQ==&uniplatform=NZKPT&language=CHS"
"建设机械技术与管理","1004-0005","43-1185/TU","国家建筑城建机械质量监督检验中心","0.333","0.221","","建筑科学与工程","https://navi.cnki.net/knavi/detail?p=5ZaO-ltDWIPaR-YyYH-JlB8uhxYY08JPF76sbV7c8-xDL3TyMw-lyj49P95E-QAXbxgZYnHl7uki1N2AFEpyh5LYgiJZh7ZFzEz1_xWo02WNX_mvEDyImw==&uniplatform=NZKPT&language=CHS"
"四川建筑","1007-8983","51-1133/TU","四川省土木建筑学会;四川华西集团有限公司","0.328","0.207","","建筑科学与工程","https://navi.cnki.net/knavi/detail?p=5ZaO-ltDWIPaR-YyYH-JlB8uhxYY08JPF76sbV7c8-xDL3TyMw-lyj49P95E-QAXbxgZYnHl7unBw0msUgR2X-P7eF3nwxd4srFJ6aCHin0WVjAC3yxROA==&uniplatform=NZKPT&language=CHS"
"建筑技艺(中英文)","1674-6635","11-5792/TU","亚太建设科技信息研究院有限公司","0.318","0.216","网络首发","建筑科学与工程","https://navi.cnki.net/knavi/detail?p=5ZaO-ltDWIPaR-YyYH-JlB8uhxYY08JPF76sbV7c8-xDL3TyMw-lyj49P95E-QAXbxgZYnHl7ukuHp8Slzb46i_591QVoci6cVspDGzKvgpzboxuhAGAqg==&uniplatform=NZKPT&language=CHS"
"广东建材","1009-4806","44-1249/TU","广东省建筑材料研究院有限公司","0.315","0.214","","建筑科学与工程","https://navi.cnki.net/knavi/detail?p=5ZaO-ltDWIPaR-YyYH-JlB8uhxYY08JPF76sbV7c8-xDL3TyMw-lyj49P95E-QAXbxgZYnHl7ukpGv8owhGC35zWizCg82dvTQ5BlZBeHof7b-V8QOCCJg==&uniplatform=NZKPT&language=CHS"
"河北建筑工程学院学报","1008-4185","13-1252/TU","河北建筑工程学院","0.315","0.199","网络首发","建筑科学与工程","https://navi.cnki.net/knavi/detail?p=5ZaO-ltDWIMSUZkcJT4STGaljsHhH93VuFZ3iEJARvc2UyV4VYxX4-GvUIMXO0k2-3-IyfpvgASLHs9RPYxwGu_U9L7ZzGldlK-IM5dosdB5yVzCD06tZg==&uniplatform=NZKPT&language=CHS"
"山西建筑","1009-6825","14-1279/TU","山西省建筑科学研究院集团有限公司","0.311","0.168","","建筑科学与工程","https://navi.cnki.net/knavi/detail?p=5ZaO-ltDWIMSUZkcJT4STGaljsHhH93VuFZ3iEJARvc2UyV4VYxX4-GvUIMXO0k2-3-IyfpvgARWwszx2eErEH5WETyr9tMN16DcMkrtqhYwmilleIPnDA==&uniplatform=NZKPT&language=CHS"
"砖瓦","1001-6945","61-1145/TU","西安墙体材料研究设计院有限公司","0.310","0.162","","建筑科学与工程","https://navi.cnki.net/knavi/detail?p=5ZaO-ltDWIMSUZkcJT4STGaljsHhH93VuFZ3iEJARvc2UyV4VYxX4-GvUIMXO0k2-3-IyfpvgAQhbsWQcpSBKNNp4PkyZn9OnKgSZh-Cy-jMCGKkVZT7sQ==&uniplatform=NZKPT&language=CHS"
"天津建设科技","1008-3197","12-1272/TU","天津市市政工程设计研究院;天津市市政工程研究院","0.307","0.191","网络首发","建筑科学与工程","https://navi.cnki.net/knavi/detail?p=5ZaO-ltDWIMSUZkcJT4STGaljsHhH93VuFZ3iEJARvc2UyV4VYxX4-GvUIMXO0k2-3-IyfpvgARCR1X-oAL2IMaqmvy7p-NrHpjjel2Lp-jp1aWD3YXsCw==&uniplatform=NZKPT&language=CHS"
"广西城镇建设","1672-7045","45-1314/TU","广西壮族自治区住房和城乡建设信息中心","0.305","0.142","","建筑科学与工程","https://navi.cnki.net/knavi/detail?p=5ZaO-ltDWINK9fOJTniClKa9srVz9obN4dD9bpYGom6y5AkPcR9hOE2M1McAZPEfDoLfmYqCMjImZeWV07w5s7Rws-Kk2aEWPoTaLqFdCU4zK86tbFrFUQ==&uniplatform=NZKPT&language=CHS"
"中国住宅设施","1672-5093","11-5143/TU","中国房地产业协会;中国建筑标准设计研究院有限公司","0.304","0.161","","建筑科学与工程","https://navi.cnki.net/knavi/detail?p=5ZaO-ltDWINK9fOJTniClKa9srVz9obN4dD9bpYGom6y5AkPcR9hOE2M1McAZPEfDoLfmYqCMjJBk3k3M-QM8jxowghezM5HO3jGBsus2cFSP8VrQGG72Q==&uniplatform=NZKPT&language=CHS"
"建筑科技","2096-3815","31-2135/TU","上海市建筑科学研究院(集团)有限公司","0.303","0.207","网络首发|增强出版","建筑科学与工程","https://navi.cnki.net/knavi/detail?p=5ZaO-ltDWINK9fOJTniClKa9srVz9obN4dD9bpYGom6y5AkPcR9hOE2M1McAZPEfDoLfmYqCMjJ8IafIKzbjd73A99GhKVl8tIvjXlv67AfSa2juRdjEqw==&uniplatform=NZKPT&language=CHS"
"特种结构","1001-3598","11-1943/TU","北京市市政工程设计研究总院有限公司","0.297","0.177","","建筑科学与工程","https://navi.cnki.net/knavi/detail?p=5ZaO-ltDWINK9fOJTniClKa9srVz9obN4dD9bpYGom6y5AkPcR9hOE2M1McAZPEfDoLfmYqCMjLN9hXRAxyS8Tu92TNvnhe9FroXEsM7nss87tgRW1Aidw==&uniplatform=NZKPT&language=CHS"
"福建建设科技","1006-3943","35-1165/TU","福建省建筑科学研究院有限责任公司","0.293","0.158","","建筑科学与工程","https://navi.cnki.net/knavi/detail?p=5ZaO-ltDWINK9fOJTniClKa9srVz9obN4dD9bpYGom6y5AkPcR9hOE2M1McAZPEfDoLfmYqCMjJZgC7LaTBEKDH0HY2SqcePEMvjxmWtfEhIIHzVw1VmQQ==&uniplatform=NZKPT&language=CHS"
"工程质量","1671-3702","11-3864/TB","中国建筑科学研究院有限公司","0.293","0.178","网络首发|增强出版","建筑科学与工程","https://navi.cnki.net/knavi/detail?p=5ZaO-ltDWINK9fOJTniClKa9srVz9obN4dD9bpYGom6y5AkPcR9hOE2M1McAZPEfDoLfmYqCMjKJlNRaCaK_0cF_qFNZ-3YgVDlbpnhaaCY9BfwO4GSiGA==&uniplatform=NZKPT&language=CHS"
"江苏建材","1004-5538","32-1274/TU","江苏省建材行业协会","0.287","0.172","","建筑科学与工程","https://navi.cnki.net/knavi/detail?p=5ZaO-ltDWINK9fOJTniClKa9srVz9obN4dD9bpYGom6y5AkPcR9hOE2M1McAZPEfDoLfmYqCMjK5-cAV0VlTN6jHa1ZVljC3Qr1TYIgMrOzFLcUWlsNBew==&uniplatform=NZKPT&language=CHS"
"安徽建筑","1007-7359","34-1124/TU","安徽省建筑科学研究设计院","0.283","0.169","","建筑科学与工程","https://navi.cnki.net/knavi/detail?p=5ZaO-ltDWINK9fOJTniClKa9srVz9obN4dD9bpYGom6y5AkPcR9hOE2M1McAZPEfDoLfmYqCMjJTTRxQTyXi16eor0Aohgt9luYGOXIXgfju586dx3K45Q==&uniplatform=NZKPT&language=CHS"
"建筑技术开发","1001-523X","11-2178/TU","北京建工集团有限责任公司","0.282","0.188","","建筑科学与工程","https://navi.cnki.net/knavi/detail?p=5ZaO-ltDWINK9fOJTniClKa9srVz9obN4dD9bpYGom6y5AkPcR9hOE2M1McAZPEfDoLfmYqCMjIOo3V0w4XQqOgs2IgLBHPbpPdii4zRT0-jGNhW1qZpWw==&uniplatform=NZKPT&language=CHS"
"中国建筑装饰装修","1672-2167","11-4803/Z","中国建筑装饰协会","0.280","0.141","","建筑科学与工程","https://navi.cnki.net/knavi/detail?p=5ZaO-ltDWINK9fOJTniClKa9srVz9obN4dD9bpYGom6y5AkPcR9hOE2M1McAZPEfDoLfmYqCMjKl1A6ykWcgWNadTw2dMfNPG-2I2cjZ3dm-7Pp_VOEgdw==&uniplatform=NZKPT&language=CHS"
"建筑与预算","1673-0402","21-1286/TU","辽宁省建设事业指导服务中心","0.274","0.152","","建筑科学与工程","https://navi.cnki.net/knavi/detail?p=5ZaO-ltDWINK9fOJTniClKa9srVz9obN4dD9bpYGom6y5AkPcR9hOE2M1McAZPEfDoLfmYqCMjLGMgSW49YDf66XPJWqCbl4Q5pxOn5Z47MZlSmg3U9sLA==&uniplatform=NZKPT&language=CHS"
"建筑电气","1003-8493","51-1297/TU","中国建筑西南设计研究院有限公司;中国建筑学会建筑电气分会;全国建筑电气设计技术协作及情报交流网","0.268","0.185","网络首发","建筑科学与工程","https://navi.cnki.net/knavi/detail?p=5ZaO-ltDWINK9fOJTniClKa9srVz9obN4dD9bpYGom6y5AkPcR9hOE2M1McAZPEfDoLfmYqCMjIbBfgkdqUxfQTzR9UAJRq8kLHx6cD4CtiuVseMmxJFOw==&uniplatform=NZKPT&language=CHS"
"四川建材","1672-4011","51-1175/TU","四川省建材工业科学研究院有限公司","0.264","0.168","","建筑科学与工程","https://navi.cnki.net/knavi/detail?p=5ZaO-ltDWIOiipDrqHxqRIgIfIL-gqmuEmzfZsPlylQqi0wdbnQB3ROtKvLa7fyLAMqUOsu-8ocw4qyT-7G-wmUz3ZJAP3cGVncZKpQJtJZFTVuYiHzD_Q==&uniplatform=NZKPT&language=CHS"
"建筑施工","1004-1001","31-1334/TU","上海建工(集团)总公司","0.263","0.185","网络首发","建筑科学与工程","https://navi.cnki.net/knavi/detail?p=5ZaO-ltDWIOiipDrqHxqRIgIfIL-gqmuEmzfZsPlylQqi0wdbnQB3ROtKvLa7fyLAMqUOsu-8ofc6C3gshU27fbL6hlLHQfakPkU159BXEocbYnyDr03Ow==&uniplatform=NZKPT&language=CHS"
"智能建筑电气技术","1729-1275","11-5589/TU","亚太建设科技信息研究院有限公司","0.261","0.191","网络首发","建筑科学与工程","https://navi.cnki.net/knavi/detail?p=5ZaO-ltDWIOiipDrqHxqRIgIfIL-gqmuEmzfZsPlylQqi0wdbnQB3ROtKvLa7fyLAMqUOsu-8ocG9WEeVXG_dbIDlzkZQ2JDWZyGoykZ3hlf5G6Y1TniFg==&uniplatform=NZKPT&language=CHS"
"上海煤气","1009-4709","31-1834/TE","上海市燃气管理处;上海市燃气协会","0.260","0.146","","建筑科学与工程","https://navi.cnki.net/knavi/detail?p=5ZaO-ltDWIOiipDrqHxqRIgIfIL-gqmuEmzfZsPlylQqi0wdbnQB3ROtKvLa7fyLAMqUOsu-8ofZb_5mxkYaRx_c1WstD0vWc_2eA6sEQU7Jw35Iyqye3A==&uniplatform=NZKPT&language=CHS"
"住宅产业","1672-9013","11-5221/TU","住房和城乡建设部;住宅产业化促进中心","0.260","0.151","","建筑科学与工程","https://navi.cnki.net/knavi/detail?p=5ZaO-ltDWIOiipDrqHxqRIgIfIL-gqmuEmzfZsPlylQqi0wdbnQB3ROtKvLa7fyLAMqUOsu-8oevPadDE4UfELiz_rwDKIj6Q32u_wHoVo0VSt1QLZ8MBw==&uniplatform=NZKPT&language=CHS"
"灯与照明","1008-5521","50-1063/TB","西南灯泡情报站","0.256","0.155","网络首发|增强出版","建筑科学与工程","https://navi.cnki.net/knavi/detail?p=5ZaO-ltDWIM1oNWYxeA2XKgF3xfVSPJB6la0Lv9Jaz6GT7MU9yraorAKbW4nG3DLRpuhHf-tD21hjJJix8BYR4532oyGxtPzA3-gTN4vRvWEvIpWsYROkg==&uniplatform=NZKPT&language=CHS"
"上海建材","1006-1177","31-1498/TU","上海建材集团实业有限公司","0.256","0.168","网络首发","建筑科学与工程","https://navi.cnki.net/knavi/detail?p=5ZaO-ltDWIM1oNWYxeA2XKgF3xfVSPJB6la0Lv9Jaz6GT7MU9yraorAKbW4nG3DLRpuhHf-tD23WK251R1LNn1Mi2u5GnX7QQTqtXXJuQvKqetlsnR7-jg==&uniplatform=NZKPT&language=CHS"
"建筑机械化","1001-1366","11-1919/TU","中国建筑科学研究院有限公司建筑机械化研究分院","0.252","0.190","网络首发|增强出版","建筑科学与工程","https://navi.cnki.net/knavi/detail?p=5ZaO-ltDWIM1oNWYxeA2XKgF3xfVSPJB6la0Lv9Jaz6GT7MU9yraorAKbW4nG3DLRpuhHf-tD21LLvegFXH1oc3zu_FVdApdbBNzSWuB3anpaBpLDZNT8w==&uniplatform=NZKPT&language=CHS"
"建设监理","1007-4104","31-1656/TU","上海市建筑科学研究院(集团)有限公司","0.246","0.141","网络首发|增强出版","建筑科学与工程","https://navi.cnki.net/knavi/detail?p=5ZaO-ltDWIM1oNWYxeA2XKgF3xfVSPJB6la0Lv9Jaz6GT7MU9yraorAKbW4nG3DLRpuhHf-tD22sKZIn2AKenEs5AhDv34mFLGBiONJxqNZ_qg7a1tbCpQ==&uniplatform=NZKPT&language=CHS"
"绿色建造与智能建筑","2097-2253","10-1865/TU","中国建筑业协会","0.245","0.174","","建筑科学与工程","https://navi.cnki.net/knavi/detail?p=5ZaO-ltDWIM1oNWYxeA2XKgF3xfVSPJB6la0Lv9Jaz6GT7MU9yraorAKbW4nG3DLRpuhHf-tD23cTCVm0-QFPSdEgxtHM2bT1QdX71YaEPh6HwJ75SEQRA==&uniplatform=NZKPT&language=CHS"
"房地产世界","1005-1783","36-1182/F","江西人民出版社有限责任公司","0.243","0.115","","建筑科学与工程","https://navi.cnki.net/knavi/detail?p=5ZaO-ltDWIM1oNWYxeA2XKgF3xfVSPJB6la0Lv9Jaz6GT7MU9yraorAKbW4nG3DLRpuhHf-tD20gTKsAz5kZDJcyJIFjSH9Zt2dVCvdiceejyE67GOl3yA==&uniplatform=NZKPT&language=CHS"
"土木工程与绿色建筑","2097-6488","32-1922/TU","江苏省土木建筑学会","0.243","0.146","网络首发","建筑科学与工程","https://navi.cnki.net/knavi/detail?p=5ZaO-ltDWIM1oNWYxeA2XKgF3xfVSPJB6la0Lv9Jaz6GT7MU9yraorAKbW4nG3DLRpuhHf-tD23dD96PtfX6cUvvV7WLklzu2BJzaocEkzBppRY-NVGHQQ==&uniplatform=NZKPT&language=CHS"
"居业","2095-4085","37-1491/TU","山东省建筑材料工业设计研究院;中国建筑材料工业规划研究院","0.242","0.146","","建筑科学与工程","https://navi.cnki.net/knavi/detail?p=5ZaO-ltDWIMxACypRYBqssIM-kI9UUFYTc5eD08RTN7iX8O4MtdrP1q5ya5yPitquPi6JY09yUlXrQ2l7VJKnIeD9NQ7dt9vlpt4IGdjZaOQ-qnj-qmzfw==&uniplatform=NZKPT&language=CHS"
"福建建筑","1004-6135","35-1120/TU","福建省土木建筑学会","0.238","0.149","网络首发|增强出版","建筑科学与工程","https://navi.cnki.net/knavi/detail?p=5ZaO-ltDWIMxACypRYBqssIM-kI9UUFYTc5eD08RTN7iX8O4MtdrP1q5ya5yPitquPi6JY09yUnkYCls3tHdzIZ2ZA5X1sypLWXXXLCyjzlNkl8SJ-hQGg==&uniplatform=NZKPT&language=CHS"
"建筑机械","1001-554X","11-1956/TU","北京建筑机械化研究院有限公司","0.237","0.160","","建筑科学与工程","https://navi.cnki.net/knavi/detail?p=5ZaO-ltDWIMxACypRYBqssIM-kI9UUFYTc5eD08RTN7iX8O4MtdrP1q5ya5yPitquPi6JY09yUmRqMibLPfoMaO7yKw_3-bawVDQGCjANUEBClSY7REM9g==&uniplatform=NZKPT&language=CHS"
"洁净与空调技术","1005-3298","11-3395/TM","中国电子工程设计院有限公司;中国电子学会洁净技术分会","0.234","0.129","","建筑科学与工程","https://navi.cnki.net/knavi/detail?p=5ZaO-ltDWIMxACypRYBqssIM-kI9UUFYTc5eD08RTN7iX8O4MtdrP1q5ya5yPitquPi6JY09yUmIOoVJHNNyL6o9IuWeiTOc-Z5U75plpSBYZ42qhmWrrw==&uniplatform=NZKPT&language=CHS"
"工程机械与维修","1006-2114","11-3566/TH","北京卓众出版有限公司","0.233","0.150","","建筑科学与工程","https://navi.cnki.net/knavi/detail?p=5ZaO-ltDWIMxACypRYBqssIM-kI9UUFYTc5eD08RTN7iX8O4MtdrP1q5ya5yPitquPi6JY09yUkrUNR1OlBPdaVNPzlRwOde0leE24VmDdsVMY34LN6VcA==&uniplatform=NZKPT&language=CHS"
"现代建筑电气","1674-8417","31-2037/TM","上海电器科学研究所(集团)有限公司","0.229","0.185","","建筑科学与工程","https://navi.cnki.net/knavi/detail?p=5ZaO-ltDWIMxACypRYBqssIM-kI9UUFYTc5eD08RTN7iX8O4MtdrP1q5ya5yPitquPi6JY09yUmV5zO8qJ4SvlADMzmgrcB3rIyGXBfBO6n08tbGrr0xUA==&uniplatform=NZKPT&language=CHS"
"江西建材","1006-2890","36-1104/TU","江西省建材科研设计院有限公司","0.217","0.134","","建筑科学与工程","https://navi.cnki.net/knavi/detail?p=5ZaO-ltDWIPoLlVJapZZmMzEO2-8txIx4Zd3znsNalXWu3UZamZoBH4l6T7tYzE4IPBMKbi99mE18YztAjE4A0YmmXC8Dhb3k2AbTGWtnJNoMYARCBxnNA==&uniplatform=NZKPT&language=CHS"
"石材","1005-3352","11-3373/TU","中国石材协会","0.212","0.150","","建筑科学与工程","https://navi.cnki.net/knavi/detail?p=5ZaO-ltDWIPoLlVJapZZmMzEO2-8txIx4Zd3znsNalXWu3UZamZoBH4l6T7tYzE4IPBMKbi99mEY3SsSB4OmFTVtrqwihWtcM5o7y52rPhd6KaPEoduFfA==&uniplatform=NZKPT&language=CHS"
"居舍","1674-1900","11-5638/TS","北京家具行业协会","0.205","0.103","","建筑科学与工程","https://navi.cnki.net/knavi/detail?p=5ZaO-ltDWIPoLlVJapZZmMzEO2-8txIx4Zd3znsNalXWu3UZamZoBH4l6T7tYzE4IPBMKbi99mEFDrKMEnrjMHoTFErflh17HQlCRPGoHsFiSrB3dUs_xw==&uniplatform=NZKPT&language=CHS"
"福建建材","1004-4728","35-1107/TU","福建能源报业有限公司","0.200","0.114","","建筑科学与工程","https://navi.cnki.net/knavi/detail?p=5ZaO-ltDWIPoLlVJapZZmMzEO2-8txIx4Zd3znsNalXWu3UZamZoBH4l6T7tYzE4IPBMKbi99mFHv_A8FeOCu1waT_Nx4Y2d7n1rjUSq70luOaFdNgWmXw==&uniplatform=NZKPT&language=CHS"
"上海建设科技","1005-6637","31-1541/TU","上海市住房和城乡建设管理委员会科学技术委员会事务中心;上海市建筑科学研究院(集团)有限公司","0.199","0.114","","建筑科学与工程","https://navi.cnki.net/knavi/detail?p=5ZaO-ltDWIPoLlVJapZZmMzEO2-8txIx4Zd3znsNalXWu3UZamZoBH4l6T7tYzE4IPBMKbi99mGhRded-ZyxpeUzwaV3Z1BGbllu6rJh11fzZ4YMviNJVQ==&uniplatform=NZKPT&language=CHS"
"安装","1002-3607","11-5267/TU","中国安装协会","0.182","0.120","网络首发|增强出版","建筑科学与工程","https://navi.cnki.net/knavi/detail?p=5ZaO-ltDWIPoLlVJapZZmMzEO2-8txIx4Zd3znsNalXWu3UZamZoBH4l6T7tYzE4IPBMKbi99mH0I6-qlYN3WQvrdGdfSFxfcY4Agqezxbog0HM3ZYmKoA==&uniplatform=NZKPT&language=CHS"
"中国电梯","1001-7151","13-1126/TU","中国电梯协会;中国建筑科学研究院建筑机械化研究分院","0.174","0.119","","建筑科学与工程","https://navi.cnki.net/knavi/detail?p=5ZaO-ltDWIPoLlVJapZZmMzEO2-8txIx4Zd3znsNalXWu3UZamZoBH4l6T7tYzE4IPBMKbi99mGg53MIQsC4mOsce6exHLpobl869DNZIVLuKBoe26zKCQ==&uniplatform=NZKPT&language=CHS"
"百年建筑","","","北京神州百年文化传播有限公司","","","","建筑科学与工程","https://navi.cnki.net/knavi/detail?p=5ZaO-ltDWIOEOUZrM6TXFcSfYNQyQdTFHVZEiBxA_CxqzhiulsgHcOyG6fxtIXpHUS1bz4ocCqJyXz0N4Y0_VmZ2qXeCL1nmvvigTxNFKRbHN6_3i41Dkg==&uniplatform=NZKPT&language=CHS"
"城市环境设计","1672-9080","21-1508/TU","辽宁科学技术出版社有限责任公司;天津大学建筑学院","","","","建筑科学与工程","https://navi.cnki.net/knavi/detail?p=5ZaO-ltDWIOxTt2nrHlOOd0drXfXQqQMzF28hI00G13UUIHzGAfnD2YOV6BzzeRpY2d83BDC3x1cdU-p2ZlvwTOZ3LoS6WwaWSIKJwKnTSqlKBPAMtQm-A==&uniplatform=NZKPT&language=CHS"
"城市建设理论研究(电子版)","2095-2104","11-9313/TU","商业网点建设开发中心","","","增强出版","建筑科学与工程","https://navi.cnki.net/knavi/detail?p=5ZaO-ltDWIOxTt2nrHlOOd0drXfXQqQMzF28hI00G13UUIHzGAfnD2YOV6BzzeRpY2d83BDC3x3Be7MG7E2ECQh1_Ycc61Qz98Vjw61Tsa-fMhEpU-6zKw==&uniplatform=NZKPT&language=CHS"
"城市建设","1674-781X","11-5897/F","商业网点建设开发中心","","","增强出版","建筑科学与工程","https://navi.cnki.net/knavi/detail?p=5ZaO-ltDWIOxTt2nrHlOOd0drXfXQqQMzF28hI00G13UUIHzGAfnD2YOV6BzzeRpY2d83BDC3x1Z-5LmjuC7e12nDCW-h0xCmTs8l6MTUm4oLVbCbkvEaA==&uniplatform=NZKPT&language=CHS"
"当代建设","1006-0723","34-1140/TU","安徽省建设厅;合肥市建委","","","","建筑科学与工程","https://navi.cnki.net/knavi/detail?p=5ZaO-ltDWIOxTt2nrHlOOd0drXfXQqQMzF28hI00G13UUIHzGAfnD2YOV6BzzeRpY2d83BDC3x07z332ezBXablomhOYCfBw1NIrcXiNYsrDUzlJrJXKQw==&uniplatform=NZKPT&language=CHS"
"东方建筑遗产","","","宁波市保国寺古建筑博物馆","","","","建筑科学与工程","https://navi.cnki.net/knavi/detail?p=5ZaO-ltDWIOxTt2nrHlOOd0drXfXQqQMzF28hI00G13UUIHzGAfnD2YOV6BzzeRpY2d83BDC3x2wJyeahrRdf-DeTaOmoCGmToenwQDSfuqKwxcM1Wzl1A==&uniplatform=NZKPT&language=CHS"
"粉煤灰","1007-046X","31-1715/TQ","中国城乡建设粉煤灰利用技术开发中心","","","","建筑科学与工程","https://navi.cnki.net/knavi/detail?p=5ZaO-ltDWIOxTt2nrHlOOd0drXfXQqQMzF28hI00G13UUIHzGAfnD2YOV6BzzeRpY2d83BDC3x16FICv-bzBqF6vRGY3cIEXfluFlzZztAwCuSxUJbsmAg==&uniplatform=NZKPT&language=CHS"
"工程管理年刊","","","中国建筑学会工程管理研究分会;中国建筑工业出版社","","","","建筑科学与工程","https://navi.cnki.net/knavi/detail?p=5ZaO-ltDWIOxTt2nrHlOOd0drXfXQqQMzF28hI00G13UUIHzGAfnD2YOV6BzzeRpY2d83BDC3x24mK95Q01CnM3eLJIVpNl1iducTXCzQd7COKjQujkJNA==&uniplatform=NZKPT&language=CHS"
"工程建设标准化","1004-2989","11-2989/TU","中国工程建设标准化协会;住房和城乡建设部标准定额研究所;中国建筑标准设计研究院有限公司","","","","建筑科学与工程","https://navi.cnki.net/knavi/detail?p=5ZaO-ltDWIOxTt2nrHlOOd0drXfXQqQMzF28hI00G13UUIHzGAfnD2YOV6BzzeRpY2d83BDC3x1KOAT4NOZijdMbabSKNy-elOSlsCalBArLUs9pYlZzMQ==&uniplatform=NZKPT&language=CHS"
"广东建筑装饰","1008-7893","44-1411/TU","广州珠江建筑装饰有限公司","","","","建筑科学与工程","https://navi.cnki.net/knavi/detail?p=5ZaO-ltDWIOxTt2nrHlOOd0drXfXQqQMzF28hI00G13UUIHzGAfnD2YOV6BzzeRpY2d83BDC3x02osxvTxnSUulcwOW7L86g8-NvaqiSr07iTNAGT3OTTw==&uniplatform=NZKPT&language=CHS"
"哈尔滨建筑大学学报","1006-6780","23-1389/TU","哈尔滨建筑大学","","","","建筑科学与工程","https://navi.cnki.net/knavi/detail?p=5ZaO-ltDWIOxTt2nrHlOOd0drXfXQqQMzF28hI00G13UUIHzGAfnD2YOV6BzzeRpY2d83BDC3x27E8BGyNJiyVY6SETJmOkTfxh9PxcDXgtaN079pO2ppA==&uniplatform=NZKPT&language=CHS"
"河南建材","1008-9772","41-1286/TU","河南建筑材料研究设计院有限公司","","","","建筑科学与工程","https://navi.cnki.net/knavi/detail?p=5ZaO-ltDWIOxTt2nrHlOOd0drXfXQqQMzF28hI00G13UUIHzGAfnD2YOV6BzzeRpY2d83BDC3x05yDGKcpbEygt7JFOUm7g165Afr57eNIjUaRCULfCXsg==&uniplatform=NZKPT&language=CHS"
"建材发展导向","1672-1675","53-1185/TU","云南省建筑材料科学研究设计院有限公司","","","","建筑科学与工程","https://navi.cnki.net/knavi/detail?p=5ZaO-ltDWIOxTt2nrHlOOd0drXfXQqQMzF28hI00G13UUIHzGAfnD2YOV6BzzeRpY2d83BDC3x3mC-N9-aR_FaVR1O8Tg6oxZvAABWOk4Xg3fIzsXO9aBQ==&uniplatform=NZKPT&language=CHS"
"建材与装饰(下旬刊)","1673-0038","51-1683/TU","成都市新闻出版发展中心;成都市装饰技术研究应用协会","","","","建筑科学与工程","https://navi.cnki.net/knavi/detail?p=5ZaO-ltDWIOxTt2nrHlOOd0drXfXQqQMzF28hI00G13UUIHzGAfnD2YOV6BzzeRpY2d83BDC3x0nPKKap2h6vjt8VMlcmow5ldXeMgdSoIiqtiYGSlAW7g==&uniplatform=NZKPT&language=CHS"
"建材与装饰(中旬刊)","1673-0038","51-1683/TU","成都市新闻出版发展中心;成都市装饰技术研究应用协会","","","","建筑科学与工程","https://navi.cnki.net/knavi/detail?p=5ZaO-ltDWIOxTt2nrHlOOd0drXfXQqQMzF28hI00G13UUIHzGAfnD2YOV6BzzeRpY2d83BDC3x0-X1T4aDJ1SQ2-KYXgse6ptYZM42gFWOkXGUDrzXeluA==&uniplatform=NZKPT&language=CHS"
"建材与装修情报","1673-2898","22-1362/TU","吉林省建材设计院;中国建材报社","","","","建筑科学与工程","https://navi.cnki.net/knavi/detail?p=5ZaO-ltDWIOxTt2nrHlOOd0drXfXQqQMzF28hI00G13UUIHzGAfnD2YOV6BzzeRpY2d83BDC3x1Mx3XziTEneI1q4oz3sijbIktFEwesYDZMER3RfaKJyg==&uniplatform=NZKPT&language=CHS"
"江苏建设","","","江苏省住房和城乡建设厅","","","","建筑科学与工程","https://navi.cnki.net/knavi/detail?p=5ZaO-ltDWIOxTt2nrHlOOd0drXfXQqQMzF28hI00G13UUIHzGAfnD2YOV6BzzeRpY2d83BDC3x0zS2i_nFLKYoe2LAgtVMVeqfsFn7Y_x8lNi86dV4avBQ==&uniplatform=NZKPT&language=CHS"
"建设工程理论与实践","","","山东省科学技术协会","","","","建筑科学与工程","https://navi.cnki.net/knavi/detail?p=5ZaO-ltDWIOxTt2nrHlOOd0drXfXQqQMzF28hI00G13UUIHzGAfnD2YOV6BzzeRpY2d83BDC3x1c0utmKse7peQ9wCCSs1FTIMQMGbdHcuJ29yniG3dXvw==&uniplatform=NZKPT&language=CHS"
"建筑创作","1004-8537","11-3161/TU","北京建筑大学","","","网络首发|增强出版","建筑科学与工程","https://navi.cnki.net/knavi/detail?p=5ZaO-ltDWIOxTt2nrHlOOd0drXfXQqQMzF28hI00G13UUIHzGAfnD2YOV6BzzeRpY2d83BDC3x325kwzvXYkv-ynLFYN7WyVzHfwyJZgou7-FZch5_Z_Mw==&uniplatform=NZKPT&language=CHS"
"建筑工人","1002-3232","11-2252/TU","北京建工集团有限责任公司","","","","建筑科学与工程","https://navi.cnki.net/knavi/detail?p=5ZaO-ltDWIOxTt2nrHlOOd0drXfXQqQMzF28hI00G13UUIHzGAfnD2YOV6BzzeRpY2d83BDC3x2I5MrJ2TvdNkeP2imVkjnjXSHH4Aq1rjHpwhUrQ_xMeg==&uniplatform=NZKPT&language=CHS"
"建筑监督检测与造价","1674-2133","44-1644/TU","广东省建设工程质量安全监督检测总站;广东省建设工程造价管理总站","","","","建筑科学与工程","https://navi.cnki.net/knavi/detail?p=5ZaO-ltDWIOxTt2nrHlOOd0drXfXQqQMzF28hI00G13UUIHzGAfnD2YOV6BzzeRpY2d83BDC3x2U0Aoygsplu4cGzkaauhYYNCM5m1HEaJdS1Jl5rl8bdQ==&uniplatform=NZKPT&language=CHS"
"建筑砌块与砌块建筑","1003-5273","11-4646/TU","中国建筑砌块协会","","","","建筑科学与工程","https://navi.cnki.net/knavi/detail?p=5ZaO-ltDWIOxTt2nrHlOOd0drXfXQqQMzF28hI00G13UUIHzGAfnD2YOV6BzzeRpY2d83BDC3x1ZUt06csOj0vB3PUaiPCnWlAC8xygi3ul2r_56CtUn4g==&uniplatform=NZKPT&language=CHS"
"建筑热能通风空调","1003-0344","42-1439/TV","中国建筑学会","","","","建筑科学与工程","https://navi.cnki.net/knavi/detail?p=5ZaO-ltDWIOL3s7oAryLMJ0Hl39J0Mj7HhoQLn6byaeTXHrFqtRSJmELnRPOt5ln5j6hx_ntZu7-hg1-RN2C-D-OzWOl41D1uNn_a0c0lBFkzg6xaRy_aA==&uniplatform=NZKPT&language=CHS"
"建筑人造板","1004-8677","36-1128/TU","中国新型建筑材料公司江西省建筑人造板研究所","","","","建筑科学与工程","https://navi.cnki.net/knavi/detail?p=5ZaO-ltDWIOL3s7oAryLMJ0Hl39J0Mj7HhoQLn6byaeTXHrFqtRSJmELnRPOt5ln5j6hx_ntZu5-HlMfX4F7yjYJzsF1FA5IfgblSQwj2EabQqmBlC5Xvw==&uniplatform=NZKPT&language=CHS"
"建筑文化研究","","","中央编译出版社","","","","建筑科学与工程","https://navi.cnki.net/knavi/detail?p=5ZaO-ltDWIOL3s7oAryLMJ0Hl39J0Mj7HhoQLn6byaeTXHrFqtRSJmELnRPOt5ln5j6hx_ntZu6Jd5qde0HuFbBvMZLDce1GP0gY7ppz5wNTkOs-V2QuMg==&uniplatform=NZKPT&language=CHS"
"建筑实践","2096-6458","10-1584/TU","中国建筑学会","","","","建筑科学与工程","https://navi.cnki.net/knavi/detail?p=5ZaO-ltDWIOL3s7oAryLMJ0Hl39J0Mj7HhoQLn6byaeTXHrFqtRSJmELnRPOt5ln5j6hx_ntZu5CAc-e2_m33jH9XtjIDaQiIUBmS1ILcrLB_50fz1ceRg==&uniplatform=NZKPT&language=CHS"
"建筑史","","","清华大学建筑学院","","","","建筑科学与工程","https://navi.cnki.net/knavi/detail?p=5ZaO-ltDWIOL3s7oAryLMJ0Hl39J0Mj7HhoQLn6byaeTXHrFqtRSJmELnRPOt5ln5j6hx_ntZu7KBbj-FjiYpfBF_oSvaEzSUR0kI1me6wOAnU1hP24Ukw==&uniplatform=NZKPT&language=CHS"
"建筑史论文集","","","清华大学建筑学院建筑历史与文物建筑保护研究所;世界建筑杂志社","","","","建筑科学与工程","https://navi.cnki.net/knavi/detail?p=5ZaO-ltDWIOL3s7oAryLMJ0Hl39J0Mj7HhoQLn6byaeTXHrFqtRSJmELnRPOt5ln5j6hx_ntZu4C4OEuK6azwdu9WR9K4U9VODx9QCWvvmxuX3N-zy1gUw==&uniplatform=NZKPT&language=CHS"
"建筑细部","1672-4518","21-1488/TU","大连理工大学","","","","建筑科学与工程","https://navi.cnki.net/knavi/detail?p=5ZaO-ltDWIOL3s7oAryLMJ0Hl39J0Mj7HhoQLn6byaeTXHrFqtRSJmELnRPOt5ln5j6hx_ntZu4GOg1zehiuWQuN0t39GqmEEIs-VkhzUumO6_ibTz3hEg==&uniplatform=NZKPT&language=CHS"
"基建优化","1000-7717","61-1146/TU","中国基建优化研究会","","","","建筑科学与工程","https://navi.cnki.net/knavi/detail?p=5ZaO-ltDWIOL3s7oAryLMJ0Hl39J0Mj7HhoQLn6byaeTXHrFqtRSJmELnRPOt5ln5j6hx_ntZu7YSwdqBdGG8s7NDjZ2Z5zpwPXCT9H-J6S-XgMWAq-NjA==&uniplatform=NZKPT&language=CHS"
"吉林建材","","22-1252/TU","吉林省政府建材行业管理办公室","","","","建筑科学与工程","https://navi.cnki.net/knavi/detail?p=5ZaO-ltDWINwdkotdvKerfqgO6bLbrHH9xyNPzAB96HS9srLMiNO4hg0QaIdaVc4iaFQfwWNAit6PM1lxF5Fm-P-4nsVUaIpNxLv0zm5jjsN0i9Xzn8EFg==&uniplatform=NZKPT&language=CHS"
"技术与市场(园林工程)","1006-8554","51-1450/T","四川省科技信息研究所","","","","建筑科学与工程","https://navi.cnki.net/knavi/detail?p=5ZaO-ltDWINwdkotdvKerfqgO6bLbrHH9xyNPzAB96HS9srLMiNO4hg0QaIdaVc4iaFQfwWNAisNY6qnqlXYOhaRRmTJzkgenO9x1s5aTcb_nU3QvacCYQ==&uniplatform=NZKPT&language=CHS"
"辽宁建材","1009-0142","21-1376/TU","辽宁省建筑材料工业协会","","","","建筑科学与工程","https://navi.cnki.net/knavi/detail?p=5ZaO-ltDWINwdkotdvKerfqgO6bLbrHH9xyNPzAB96HS9srLMiNO4hg0QaIdaVc4iaFQfwWNAitRaFUUdz_m_ZKpwJwfScQhPTJzsi-5joeKV2tl-EZJyA==&uniplatform=NZKPT&language=CHS"
"理想空间","","","上海同济城市规划设计研究院有限公司","","","","建筑科学与工程","https://navi.cnki.net/knavi/detail?p=5ZaO-ltDWINwdkotdvKerfqgO6bLbrHH9xyNPzAB96HS9srLMiNO4hg0QaIdaVc4iaFQfwWNAiuClqUzMDutPjaNETUNipfEgttHeqefw25o0qhv9_CSOA==&uniplatform=NZKPT&language=CHS"
"绿色环保建材","1673-6680","10-1213/TU","中国建材工业出版社","","","","建筑科学与工程","https://navi.cnki.net/knavi/detail?p=5ZaO-ltDWINwdkotdvKerfqgO6bLbrHH9xyNPzAB96HS9srLMiNO4hg0QaIdaVc4iaFQfwWNAivG8bHBb9sLd1I-UVeZgwDu2VIwLteqolcVEkLWRlvqqA==&uniplatform=NZKPT&language=CHS"
"门窗","1673-8780","11-5552/TU","建筑材料工业技术监督研究中心","","","","建筑科学与工程","https://navi.cnki.net/knavi/detail?p=5ZaO-ltDWINwdkotdvKerfqgO6bLbrHH9xyNPzAB96HS9srLMiNO4hg0QaIdaVc4iaFQfwWNAitcaSuBKe-gqMuw-pH_cI2BqTXII0xRpTBMAFwIOzRtxg==&uniplatform=NZKPT&language=CHS"
"南国博览","2095-2600","45-1382/C","广西师范大学出版社集团有限公司","","","","建筑科学与工程","https://navi.cnki.net/knavi/detail?p=5ZaO-ltDWINwdkotdvKerfqgO6bLbrHH9xyNPzAB96HS9srLMiNO4hg0QaIdaVc4iaFQfwWNAitdT3X-Z5G-feItIdHbeEH6z7YQXL8pwfktD-i5qoe2SQ==&uniplatform=NZKPT&language=CHS"
"南京建筑工程学院学报(自然科学版)","1003-711X","32-1310/TU","南京建筑工程学院","","","","建筑科学与工程","https://navi.cnki.net/knavi/detail?p=5ZaO-ltDWINwdkotdvKerfqgO6bLbrHH9xyNPzAB96HS9srLMiNO4hg0QaIdaVc4iaFQfwWNAitym6tL8XqZ5B185tuBkOEaDyNAuyTCZcnAaA8p2kFeSw==&uniplatform=NZKPT&language=CHS"
"墙材革新与建筑节能","1006-9135","11-3732/TU","中国建材工业出版社","","","","建筑科学与工程","https://navi.cnki.net/knavi/detail?p=5ZaO-ltDWINwdkotdvKerfqgO6bLbrHH9xyNPzAB96HS9srLMiNO4hg0QaIdaVc4iaFQfwWNAiszbgfkvyNThgkkicNRLShPVuWjsnvJamxIE3J8YGycSQ==&uniplatform=NZKPT&language=CHS"
"人类居住","1004-6658","11-3083/TU","住房和城乡建设部人居信息办公室","","","","建筑科学与工程","https://navi.cnki.net/knavi/detail?p=5ZaO-ltDWINwdkotdvKerfqgO6bLbrHH9xyNPzAB96HS9srLMiNO4hg0QaIdaVc4iaFQfwWNAiuuhpLI0uGMpRTL5gQLvoBHAuOLP71cXDZIZwljqsG7Sg==&uniplatform=NZKPT&language=CHS"
"人文园林","","","浙江人文园林股份有限公司;杭州人与文化艺术有限公司","","","","建筑科学与工程","https://navi.cnki.net/knavi/detail?p=5ZaO-ltDWINwdkotdvKerfqgO6bLbrHH9xyNPzAB96HS9srLMiNO4hg0QaIdaVc4iaFQfwWNAitFp9W9y7DJuzHcfeb2hlPMIPSzIqBRzInrE3k8oDVXWQ==&uniplatform=NZKPT&language=CHS"
"瑞丽家居设计","1672-0970","11-4968/TS","中国轻工业出版社有限公司","","","","建筑科学与工程","https://navi.cnki.net/knavi/detail?p=5ZaO-ltDWINwdkotdvKerfqgO6bLbrHH9xyNPzAB96HS9srLMiNO4hg0QaIdaVc4iaFQfwWNAivrf4ijL4N9zbGFQZrDxMwtUUSL2Rd7n_St4ISDyNdXcw==&uniplatform=NZKPT&language=CHS"
"上海建材学院学报","1001-9553","31-1549/TU","上海建材学院","","","","建筑科学与工程","https://navi.cnki.net/knavi/detail?p=5ZaO-ltDWINwdkotdvKerfqgO6bLbrHH9xyNPzAB96HS9srLMiNO4hg0QaIdaVc4iaFQfwWNAisE42Q-33axzN4UDfa05xsq9xCyfzkX9RY6w89vcjBAww==&uniplatform=NZKPT&language=CHS"
"设计家","","","上海吾爱庐文化传播发展有限公司","","","","建筑科学与工程","https://navi.cnki.net/knavi/detail?p=5ZaO-ltDWIM6cgA769PQsf4OpseLiXNDcqU5UOfJ1v06i4cxYa2SnaK0gJifpjzzMdbvZHW832coK87Naf2RwvT8WCaDIALRs8gXuD04dYvMtVKYnc7bRQ==&uniplatform=NZKPT&language=CHS"
"生态城市与绿色建筑","1672-9269","11-5299/G0","中国对外翻译出版公司","","","","建筑科学与工程","https://navi.cnki.net/knavi/detail?p=5ZaO-ltDWIM6cgA769PQsf4OpseLiXNDcqU5UOfJ1v06i4cxYa2SnaK0gJifpjzzMdbvZHW832fRoYnsjPBrgOdXhmyYPwMsYthHsa6PO1C5SJ9KWqmeyQ==&uniplatform=NZKPT&language=CHS"
"施工组织设计","","","中水东北勘测设计研究有限责任公司","","","","建筑科学与工程","https://navi.cnki.net/knavi/detail?p=5ZaO-ltDWIM6cgA769PQsf4OpseLiXNDcqU5UOfJ1v06i4cxYa2SnaK0gJifpjzzMdbvZHW832ehZsRw_Y8OpUfTYBmcib97VtuDkSu1wAwFNFeNoDBP4A==&uniplatform=NZKPT&language=CHS"
"天津规划研究","","","《天津规划研究》编辑部","","","","建筑科学与工程","https://navi.cnki.net/knavi/detail?p=5ZaO-ltDWIM6cgA769PQsf4OpseLiXNDcqU5UOfJ1v06i4cxYa2SnaK0gJifpjzzMdbvZHW832cCuqPsrnNe4J5Hb5XMurMvTDrWZNKqoCZJEyRYy7QJ9A==&uniplatform=NZKPT&language=CHS"
"土木建筑学术文库","","","河南省土木建筑学会","","","","建筑科学与工程","https://navi.cnki.net/knavi/detail?p=5ZaO-ltDWIM6cgA769PQsf4OpseLiXNDcqU5UOfJ1v06i4cxYa2SnaK0gJifpjzzMdbvZHW832eAQ4Bo2kWGx2N-iHUSAMFD7nPkD4ngPeUYBXl-0zBZXA==&uniplatform=NZKPT&language=CHS"
"现代装饰","1003-9007","44-1031/TS","深圳市建筑装饰(集团)有限公司","","","","建筑科学与工程","https://navi.cnki.net/knavi/detail?p=5ZaO-ltDWIM6cgA769PQsf4OpseLiXNDcqU5UOfJ1v06i4cxYa2SnaK0gJifpjzzMdbvZHW832dUqHoh3eM5LInJoFn84G27fjiqsa498EmdvkV5BKj1CQ==&uniplatform=NZKPT&language=CHS"
"现代装饰(家居)","1003-9007","44-1031/TS","深圳市建筑装饰(集团)有限公司","","","","建筑科学与工程","https://navi.cnki.net/knavi/detail?p=5ZaO-ltDWIM6cgA769PQsf4OpseLiXNDcqU5UOfJ1v06i4cxYa2SnaK0gJifpjzzMdbvZHW832c5q43FG9MpXPne6KDtI-KQlKNoyEXL-w8XRYlbl88VCw==&uniplatform=NZKPT&language=CHS"
"现代装饰(理论)","1003-9007","44-1031/TS","深圳市建筑装饰(集团)有限公司","","","","建筑科学与工程","https://navi.cnki.net/knavi/detail?p=5ZaO-ltDWIM6cgA769PQsf4OpseLiXNDcqU5UOfJ1v06i4cxYa2SnaK0gJifpjzzMdbvZHW832dYhkUnN89HEFAG79x9HQ2yzc2h4Fs0E66WPeA3speBKA==&uniplatform=NZKPT&language=CHS"
"消防技术与产品信息","1002-784X","11-2628/TU","中国消防协会","","","","建筑科学与工程","https://navi.cnki.net/knavi/detail?p=5ZaO-ltDWIMYnnJ5Ld4udCpnGQOCF7pFu-Ugv8yhNZvTZMBiDPqWoo8S6cG6_0nasjUkoQ2OqF82rRBMxlzEjJ8-GFwOJ1PGh9XWvqmtaqrgWFF45WdufA==&uniplatform=NZKPT&language=CHS"
"西部大开发(土地开发工程研究)","1009-8631","61-1373/F","陕西省决策咨询委员会","","","","建筑科学与工程","https://navi.cnki.net/knavi/detail?p=5ZaO-ltDWIMYnnJ5Ld4udCpnGQOCF7pFu-Ugv8yhNZvTZMBiDPqWoo8S6cG6_0nasjUkoQ2OqF-Ob_3xhkRBMAwXVcLxAPHgUBGivzVZoM0wzD1OuDXrBw==&uniplatform=NZKPT&language=CHS"
"新材料新装饰","1671-9344","61-1396/TU","陕西奥雷文化发展有限责任公司","","","","建筑科学与工程","https://navi.cnki.net/knavi/detail?p=5ZaO-ltDWIMYnnJ5Ld4udCpnGQOCF7pFu-Ugv8yhNZvTZMBiDPqWoo8S6cG6_0nasjUkoQ2OqF88g7sj-jLDEQ4LYHELkDRJaGCGHVqyuryiiEnuaKDQog==&uniplatform=NZKPT&language=CHS"
"新城建科技","2097-6712","23-1621/F","黑龙江省寒地建筑科学研究院","","","","建筑科学与工程","https://navi.cnki.net/knavi/detail?p=5ZaO-ltDWIMYnnJ5Ld4udCpnGQOCF7pFu-Ugv8yhNZvTZMBiDPqWoo8S6cG6_0nasjUkoQ2OqF_UH78IefPHVxp5R7T0Dqyb6pFcTQiOhVtNwqI8Qodh8w==&uniplatform=NZKPT&language=CHS"
"浙江园林","","","浙江省风景园林学会","","","","建筑科学与工程","https://navi.cnki.net/knavi/detail?p=5ZaO-ltDWIMYnnJ5Ld4udCpnGQOCF7pFu-Ugv8yhNZvTZMBiDPqWoo8S6cG6_0nasjUkoQ2OqF_FkgG0RP1d0BHU_rHmxVVAHBKxAJz2UEuIIdY3yN0fwA==&uniplatform=NZKPT&language=CHS"
"中国建设教育","","","中国建设教育协会","","","","建筑科学与工程","https://navi.cnki.net/knavi/detail?p=5ZaO-ltDWIMYnnJ5Ld4udCpnGQOCF7pFu-Ugv8yhNZvTZMBiDPqWoo8S6cG6_0nasjUkoQ2OqF-XYxwH69WfeYGVzJqrGtN1H0Eh6rf8QnWo8AVzOZ1XuA==&uniplatform=NZKPT&language=CHS"
"中国建筑教育","","","全国高等学校建筑学学科专业指导委员会;全国高等学校建筑学专业教育评估委员会;中国建筑学会;中国建筑工业出版社","","","","建筑科学与工程","https://navi.cnki.net/knavi/detail?p=5ZaO-ltDWIMYnnJ5Ld4udCpnGQOCF7pFu-Ugv8yhNZvTZMBiDPqWoo8S6cG6_0nasjUkoQ2OqF_CiokN0Tkgi3yK_PcJCCX2wLL2I_P4Lg5aQy5OCdlCgQ==&uniplatform=NZKPT&language=CHS"
"中国建筑史论汇刊","","","清华大学建筑学院","","","","建筑科学与工程","https://navi.cnki.net/knavi/detail?p=5ZaO-ltDWIMYnnJ5Ld4udCpnGQOCF7pFu-Ugv8yhNZvTZMBiDPqWoo8S6cG6_0nasjUkoQ2OqF-CWRDC6tN5bt-2Voa5Cbxe3HmALsfaAaVJW_k7yr6V2Q==&uniplatform=NZKPT&language=CHS"
"中国园林博物馆学刊","","","中国园林博物馆","","","","建筑科学与工程","https://navi.cnki.net/knavi/detail?p=5ZaO-ltDWIMYnnJ5Ld4udCpnGQOCF7pFu-Ugv8yhNZvTZMBiDPqWoo8S6cG6_0nasjUkoQ2OqF98DIFt24KM63ak01uWRkFMNfi1njHQjZRLUDNCEvj7XA==&uniplatform=NZKPT&language=CHS"
"中华建设","1673-2316","42-1732/TU","住房和城乡建设部政策研究中心;湖北省土木建筑学会","","","","建筑科学与工程","https://navi.cnki.net/knavi/detail?p=5ZaO-ltDWIMYnnJ5Ld4udCpnGQOCF7pFu-Ugv8yhNZvTZMBiDPqWoo8S6cG6_0nasjUkoQ2OqF8bmBrKTs94SN7vBcybeRphliyrZJkZ-Caywsu-oh7Bwg==&uniplatform=NZKPT&language=CHS"
"中华民居","1674-3954","10-1708/TU","中华建筑报社;北新塑管有限公司","","","","建筑科学与工程","https://navi.cnki.net/knavi/detail?p=5ZaO-ltDWIMYnnJ5Ld4udCpnGQOCF7pFu-Ugv8yhNZvTZMBiDPqWoo8S6cG6_0nasjUkoQ2OqF_F4r7WKfX93ezyAoSyN-XggViSqPVh2HvRJjuCWqoZkA==&uniplatform=NZKPT&language=CHS"
"中华民居(下旬刊)","1674-3954","31-2015/TU","中华建筑报社;中建三局东方装饰设计工程有限公司","","","","建筑科学与工程","https://navi.cnki.net/knavi/detail?p=5ZaO-ltDWIMYnnJ5Ld4udCpnGQOCF7pFu-Ugv8yhNZvTZMBiDPqWoo8S6cG6_0nasjUkoQ2OqF9etU3xJO-5FUwLj9zD-eZrgWvCrmJtAMQGG2_gDlvIiw==&uniplatform=NZKPT&language=CHS"
"中州建筑","1003-4188","41-1117/TU","河南省建筑学会","","","","建筑科学与工程","https://navi.cnki.net/knavi/detail?p=5ZaO-ltDWIMYnnJ5Ld4udCpnGQOCF7pFu-Ugv8yhNZvTZMBiDPqWoo8S6cG6_0nasjUkoQ2OqF_V7pIrFYWYjGgtRsUEWu2Pm8Pjyzp80kJp7bAW6Kc09Q==&uniplatform=NZKPT&language=CHS"
"砖瓦世界","1002-9885","11-5376/TU","建筑材料工业技术情报研究所;中国砖瓦工业协会","","","","建筑科学与工程","https://navi.cnki.net/knavi/detail?p=5ZaO-ltDWINo0KvpnbX-Sgp0QZKCZlXPYiu2Kyk6lIUoIK26hzs9GckrnLPkSMHtQC8ZWCmsRqFSzJMCTG-yNtn-zmCKf6Cjj-yzryssKsPwllwShj1U1g==&uniplatform=NZKPT&language=CHS"
"资源与人居环境(城市)","1003-8000","51-1102/F1","四川省国土经济学研究会;中国国土经济学研究会","","","","建筑科学与工程","https://navi.cnki.net/knavi/detail?p=5ZaO-ltDWIMQCzZ1xw29ahapdcUEZgy8vNd5kekGOiYESSW8SVcreXRIkaxMCiWRRDbSCQ-nFmx-FAGxtBYNY6bbEUn_WaEtf7GIJe3pQVx0DCXzHJz5dQ==&uniplatform=NZKPT&language=CHS"
"山西古建活化利用论文集","","","晋城博物馆","","","","建筑科学与工程","https://navi.cnki.net/knavi/detail?p=5ZaO-ltDWIMQCzZ1xw29ahapdcUEZgy8vNd5kekGOiYESSW8SVcreXRIkaxMCiWRRDbSCQ-nFmzdK7gzeLWH7buRyv3_RXpBwnk4bBKr31H1Z8bV3P-p3Q==&uniplatform=NZKPT&language=CHS"
"中国城市规划知识仓库","1674-0238","11-9145/TU","中核战略规划研究总院有限公司","","","网络首发","建筑科学与工程","https://navi.cnki.net/knavi/detail?p=5ZaO-ltDWIMQCzZ1xw29ahapdcUEZgy8vNd5kekGOiYESSW8SVcreXRIkaxMCiWRRDbSCQ-nFmykQwokVXpC4MrbGEbdgE1-wvm2MwSu2MlmfW-ZYCvdnw==&uniplatform=NZKPT&language=CHS"